PairIndex,Drug1,Drug2,Conc1,Conc2,Response,ConcUnit
1,Mahanine,Taraxasterol,0,0,3.4989094826103586,nM
1,Mahanine,Taraxasterol,0,1,-0.5257994691024319,nM
1,Mahanine,Taraxasterol,0,3,-0.7961438153163702,nM
1,Mahanine,Taraxasterol,0,10,-4.577114752870008,nM
1,Mahanine,Taraxasterol,0,30,2.656421057176628,nM
1,Mahanine,Taraxasterol,0,100,9.792818984407408,nM
1,Mahanine,Taraxasterol,0,300,29.253695777823303,nM
1,Mahanine,Taraxasterol,0,1000,65.49307833886988,nM
1,Mahanine,Taraxasterol,1,0,0.948513799912235,nM
1,Mahanine,Taraxasterol,1,1,-1.9784963874001935,nM
1,Mahanine,Taraxasterol,1,3,-1.493264602359548,nM
1,Mahanine,Taraxasterol,1,10,-0.11630855433257548,nM
1,Mahanine,Taraxasterol,1,30,4.15592291145104,nM
1,Mahanine,Taraxasterol,1,100,11.649777406284938,nM
1,Mahanine,Taraxasterol,1,300,27.789998219886282,nM
1,Mahanine,Taraxasterol,1,1000,62.66071336596879,nM
1,Mahanine,Taraxasterol,3,0,1.8702033443742616,nM
1,Mahanine,Taraxasterol,3,1,3.5919594554467267,nM
1,Mahanine,Taraxasterol,3,3,0.5066788934263912,nM
1,Mahanine,Taraxasterol,3,10,-0.2437350919076784,nM
1,Mahanine,Taraxasterol,3,30,5.250179104816749,nM
1,Mahanine,Taraxasterol,3,100,10.16809081581974,nM
1,Mahanine,Taraxasterol,3,300,32.0547324772454,nM
1,Mahanine,Taraxasterol,3,1000,68.09974739231686,nM
1,Mahanine,Taraxasterol,10,0,2.9204476353111426,nM
1,Mahanine,Taraxasterol,10,1,1.8528515030775412,nM
1,Mahanine,Taraxasterol,10,3,3.2949450739810153,nM
1,Mahanine,Taraxasterol,10,10,1.092547398886888,nM
1,Mahanine,Taraxasterol,10,30,3.9327126184241594,nM
1,Mahanine,Taraxasterol,10,100,10.771257983635811,nM
1,Mahanine,Taraxasterol,10,300,31.074977077860048,nM
1,Mahanine,Taraxasterol,10,1000,64.47267026322127,nM
1,Mahanine,Taraxasterol,30,0,5.563543662358744,nM
1,Mahanine,Taraxasterol,30,1,5.217617291349161,nM
1,Mahanine,Taraxasterol,30,3,6.275769121147638,nM
1,Mahanine,Taraxasterol,30,10,6.748662158363201,nM
1,Mahanine,Taraxasterol,30,30,9.042134346233254,nM
1,Mahanine,Taraxasterol,30,100,18.553564373051934,nM
1,Mahanine,Taraxasterol,30,300,31.368390326218957,nM
1,Mahanine,Taraxasterol,30,1000,69.53896740744158,nM
1,Mahanine,Taraxasterol,100,0,20.63504727850225,nM
1,Mahanine,Taraxasterol,100,1,18.68141873940072,nM
1,Mahanine,Taraxasterol,100,3,20.901178426961213,nM
1,Mahanine,Taraxasterol,100,10,21.868748410319228,nM
1,Mahanine,Taraxasterol,100,30,25.353399221695,nM
1,Mahanine,Taraxasterol,100,100,27.216195671273784,nM
1,Mahanine,Taraxasterol,100,300,45.46931601907888,nM
1,Mahanine,Taraxasterol,100,1000,72.51532741720591,nM
1,Mahanine,Taraxasterol,300,0,46.63177821407334,nM
1,Mahanine,Taraxasterol,300,1,47.65166273156395,nM
1,Mahanine,Taraxasterol,300,3,51.28669723581805,nM
1,Mahanine,Taraxasterol,300,10,51.7558956935762,nM
1,Mahanine,Taraxasterol,300,30,53.51191687815496,nM
1,Mahanine,Taraxasterol,300,100,56.28368428725862,nM
1,Mahanine,Taraxasterol,300,300,65.95390127701671,nM
1,Mahanine,Taraxasterol,300,1000,82.67687155973444,nM
1,Mahanine,Taraxasterol,1000,0,83.33738526736649,nM
1,Mahanine,Taraxasterol,1000,1,79.24189307702187,nM
1,Mahanine,Taraxasterol,1000,3,80.66840205069884,nM
1,Mahanine,Taraxasterol,1000,10,81.829089094359,nM
1,Mahanine,Taraxasterol,1000,30,78.27422178378497,nM
1,Mahanine,Taraxasterol,1000,100,85.53159579043043,nM
1,Mahanine,Taraxasterol,1000,300,85.12008296625302,nM
1,Mahanine,Taraxasterol,1000,1000,93.15193543192606,nM
2,Mahanine,Tricin,0,0,4.313348851613558,nM
2,Mahanine,Tricin,0,1,-1.4147401313928114,nM
2,Mahanine,Tricin,0,3,-0.15242325307171822,nM
2,Mahanine,Tricin,0,10,6.857317188579438,nM
2,Mahanine,Tricin,0,30,10.500006395445176,nM
2,Mahanine,Tricin,0,100,37.20635664821515,nM
2,Mahanine,Tricin,0,300,70.70521357237719,nM
2,Mahanine,Tricin,0,1000,91.60235583897116,nM
2,Mahanine,Tricin,1,0,1.2937847733641867,nM
2,Mahanine,Tricin,1,1,1.0912996199696083,nM
2,Mahanine,Tricin,1,3,3.7025248759010623,nM
2,Mahanine,Tricin,1,10,5.868233119635855,nM
2,Mahanine,Tricin,1,30,13.94389109637036,nM
2,Mahanine,Tricin,1,100,36.77076932994078,nM
2,Mahanine,Tricin,1,300,68.27819726914565,nM
2,Mahanine,Tricin,1,1000,86.88489635562411,nM
2,Mahanine,Tricin,3,0,1.771153259084039,nM
2,Mahanine,Tricin,3,1,-3.006324294490189,nM
2,Mahanine,Tricin,3,3,3.0574831427298106,nM
2,Mahanine,Tricin,3,10,7.808362090219026,nM
2,Mahanine,Tricin,3,30,10.883411721735305,nM
2,Mahanine,Tricin,3,100,36.94707081611626,nM
2,Mahanine,Tricin,3,300,68.84087157453457,nM
2,Mahanine,Tricin,3,1000,92.38910156066649,nM
2,Mahanine,Tricin,10,0,-0.06641704214350463,nM
2,Mahanine,Tricin,10,1,1.6392860956519564,nM
2,Mahanine,Tricin,10,3,1.5053859918838615,nM
2,Mahanine,Tricin,10,10,4.829650286893394,nM
2,Mahanine,Tricin,10,30,16.693032491139846,nM
2,Mahanine,Tricin,10,100,37.1702706970739,nM
2,Mahanine,Tricin,10,300,70.32007982948451,nM
2,Mahanine,Tricin,10,1000,91.38932945412432,nM
2,Mahanine,Tricin,30,0,7.652428658022941,nM
2,Mahanine,Tricin,30,1,3.6365917200598243,nM
2,Mahanine,Tricin,30,3,9.017364688047936,nM
2,Mahanine,Tricin,30,10,10.316947016804043,nM
2,Mahanine,Tricin,30,30,19.592627561135025,nM
2,Mahanine,Tricin,30,100,41.88935198570149,nM
2,Mahanine,Tricin,30,300,68.1948755953746,nM
2,Mahanine,Tricin,30,1000,89.94942894813371,nM
2,Mahanine,Tricin,100,0,22.745087302528233,nM
2,Mahanine,Tricin,100,1,21.375736388052204,nM
2,Mahanine,Tricin,100,3,21.727143661164906,nM
2,Mahanine,Tricin,100,10,27.63830867634819,nM
2,Mahanine,Tricin,100,30,35.50110286382608,nM
2,Mahanine,Tricin,100,100,51.06938164559389,nM
2,Mahanine,Tricin,100,300,79.94073942381047,nM
2,Mahanine,Tricin,100,1000,88.66939454547479,nM
2,Mahanine,Tricin,300,0,45.90188547906162,nM
2,Mahanine,Tricin,300,1,51.856177603219514,nM
2,Mahanine,Tricin,300,3,49.92923825470237,nM
2,Mahanine,Tricin,300,10,53.02489711482093,nM
2,Mahanine,Tricin,300,30,57.36330179401384,nM
2,Mahanine,Tricin,300,100,68.85642866185043,nM
2,Mahanine,Tricin,300,300,86.20078216980743,nM
2,Mahanine,Tricin,300,1000,95.64722907754872,nM
2,Mahanine,Tricin,1000,0,77.85489693855442,nM
2,Mahanine,Tricin,1000,1,81.4035019734397,nM
2,Mahanine,Tricin,1000,3,81.4634419149958,nM
2,Mahanine,Tricin,1000,10,85.2971955908764,nM
2,Mahanine,Tricin,1000,30,81.07709992865256,nM
2,Mahanine,Tricin,1000,100,88.21733320351515,nM
2,Mahanine,Tricin,1000,300,93.36451135148222,nM
2,Mahanine,Tricin,1000,1000,97.9580556358462,nM
3,Mahanine,Tamarixetin,0,0,3.318409235392813,nM
3,Mahanine,Tamarixetin,0,1,0.9535359633079313,nM
3,Mahanine,Tamarixetin,0,3,-0.19960975931425318,nM
3,Mahanine,Tamarixetin,0,10,3.33003177380305,nM
3,Mahanine,Tamarixetin,0,30,11.964402952743693,nM
3,Mahanine,Tamarixetin,0,100,31.07479076224488,nM
3,Mahanine,Tamarixetin,0,300,64.3335883445107,nM
3,Mahanine,Tamarixetin,0,1000,91.75733732309796,nM
3,Mahanine,Tamarixetin,1,0,1.81871645878048,nM
3,Mahanine,Tamarixetin,1,1,0.2128528891396657,nM
3,Mahanine,Tamarixetin,1,3,-0.11982002692498717,nM
3,Mahanine,Tamarixetin,1,10,2.8174144488354713,nM
3,Mahanine,Tamarixetin,1,30,7.425234131856482,nM
3,Mahanine,Tamarixetin,1,100,35.02014752097219,nM
3,Mahanine,Tamarixetin,1,300,65.58197076618876,nM
3,Mahanine,Tamarixetin,1,1000,88.96151873222689,nM
3,Mahanine,Tamarixetin,3,0,-2.1983166731338444,nM
3,Mahanine,Tamarixetin,3,1,-0.8379199370618289,nM
3,Mahanine,Tamarixetin,3,3,2.1521174295434786,nM
3,Mahanine,Tamarixetin,3,10,3.922326129645181,nM
3,Mahanine,Tamarixetin,3,30,9.793783135678499,nM
3,Mahanine,Tamarixetin,3,100,34.33831491577457,nM
3,Mahanine,Tamarixetin,3,300,66.87917037601451,nM
3,Mahanine,Tamarixetin,3,1000,87.36779344492057,nM
3,Mahanine,Tamarixetin,10,0,0.5985715101178093,nM
3,Mahanine,Tamarixetin,10,1,0.11356030668324779,nM
3,Mahanine,Tamarixetin,10,3,0.067169734120192,nM
3,Mahanine,Tamarixetin,10,10,6.225801265731463,nM
3,Mahanine,Tamarixetin,10,30,12.939223146127482,nM
3,Mahanine,Tamarixetin,10,100,34.85162354813506,nM
3,Mahanine,Tamarixetin,10,300,63.10142039436674,nM
3,Mahanine,Tamarixetin,10,1000,86.76904574039831,nM
3,Mahanine,Tamarixetin,30,0,5.799757181724544,nM
3,Mahanine,Tamarixetin,30,1,5.293281503120826,nM
3,Mahanine,Tamarixetin,30,3,6.861484434736077,nM
3,Mahanine,Tamarixetin,30,10,7.380120941084081,nM
3,Mahanine,Tamarixetin,30,30,17.056071898285357,nM
3,Mahanine,Tamarixetin,30,100,40.63458950667539,nM
3,Mahanine,Tamarixetin,30,300,70.04094242806289,nM
3,Mahanine,Tamarixetin,30,1000,92.5649397992308,nM
3,Mahanine,Tamarixetin,100,0,21.25158773053494,nM
3,Mahanine,Tamarixetin,100,1,23.107524769389084,nM
3,Mahanine,Tamarixetin,100,3,20.93141197535772,nM
3,Mahanine,Tamarixetin,100,10,25.333858262094346,nM
3,Mahanine,Tamarixetin,100,30,28.582619459265167,nM
3,Mahanine,Tamarixetin,100,100,46.21502601421446,nM
3,Mahanine,Tamarixetin,100,300,70.99090077456714,nM
3,Mahanine,Tamarixetin,100,1000,92.46229620092966,nM
3,Mahanine,Tamarixetin,300,0,50.5508133150202,nM
3,Mahanine,Tamarixetin,300,1,50.47077797878604,nM
3,Mahanine,Tamarixetin,300,3,48.08514987834833,nM
3,Mahanine,Tamarixetin,300,10,51.79478442293052,nM
3,Mahanine,Tamarixetin,300,30,52.334602148833675,nM
3,Mahanine,Tamarixetin,300,100,69.48444872277167,nM
3,Mahanine,Tamarixetin,300,300,82.16802953439465,nM
3,Mahanine,Tamarixetin,300,1000,94.7253178446563,nM
3,Mahanine,Tamarixetin,1000,0,80.70888347679687,nM
3,Mahanine,Tamarixetin,1000,1,77.78870380704222,nM
3,Mahanine,Tamarixetin,1000,3,78.31483344701357,nM
3,Mahanine,Tamarixetin,1000,10,81.43923427335191,nM
3,Mahanine,Tamarixetin,1000,30,85.8946515088832,nM
3,Mahanine,Tamarixetin,1000,100,84.99736905580694,nM
3,Mahanine,Tamarixetin,1000,300,91.88460620453671,nM
3,Mahanine,Tamarixetin,1000,1000,97.74423511631569,nM
4,Mahanine,Annomontine,0,0,-3.37456121491788,nM
4,Mahanine,Annomontine,0,1,-3.319313875858799,nM
4,Mahanine,Annomontine,0,3,-0.541814242248494,nM
4,Mahanine,Annomontine,0,10,1.090768375375128,nM
4,Mahanine,Annomontine,0,30,3.4941877559302132,nM
4,Mahanine,Annomontine,0,100,18.997004109063994,nM
4,Mahanine,Annomontine,0,300,41.12585448089572,nM
4,Mahanine,Annomontine,0,1000,75.73829024875498,nM
4,Mahanine,Annomontine,1,0,3.30251216906529,nM
4,Mahanine,Annomontine,1,1,3.589146164752729,nM
4,Mahanine,Annomontine,1,3,-2.791832896980788,nM
4,Mahanine,Annomontine,1,10,0.531980925986121,nM
4,Mahanine,Annomontine,1,30,6.703406646764092,nM
4,Mahanine,Annomontine,1,100,13.260304404794871,nM
4,Mahanine,Annomontine,1,300,39.66854894473991,nM
4,Mahanine,Annomontine,1,1000,72.44911457178287,nM
4,Mahanine,Annomontine,3,0,-2.3273398939327548,nM
4,Mahanine,Annomontine,3,1,-1.796770688748349,nM
4,Mahanine,Annomontine,3,3,1.030193091297217,nM
4,Mahanine,Annomontine,3,10,4.111013988521806,nM
4,Mahanine,Annomontine,3,30,7.712150658244742,nM
4,Mahanine,Annomontine,3,100,16.2857026504482,nM
4,Mahanine,Annomontine,3,300,37.74524726095199,nM
4,Mahanine,Annomontine,3,1000,75.00335429418949,nM
4,Mahanine,Annomontine,10,0,0.9818831602230021,nM
4,Mahanine,Annomontine,10,1,2.439049224796133,nM
4,Mahanine,Annomontine,10,3,1.6798884441232396,nM
4,Mahanine,Annomontine,10,10,-0.7702328314089346,nM
4,Mahanine,Annomontine,10,30,6.692386122846294,nM
4,Mahanine,Annomontine,10,100,13.188716567169191,nM
4,Mahanine,Annomontine,10,300,41.046046162891635,nM
4,Mahanine,Annomontine,10,1000,76.05583887149194,nM
4,Mahanine,Annomontine,30,0,6.635827444063806,nM
4,Mahanine,Annomontine,30,1,9.148687375032836,nM
4,Mahanine,Annomontine,30,3,1.4746775934786092,nM
4,Mahanine,Annomontine,30,10,7.726269013146447,nM
4,Mahanine,Annomontine,30,30,11.336572695133578,nM
4,Mahanine,Annomontine,30,100,20.263850422939797,nM
4,Mahanine,Annomontine,30,300,46.2050494726708,nM
4,Mahanine,Annomontine,30,1000,74.29629123707949,nM
4,Mahanine,Annomontine,100,0,22.423603330272275,nM
4,Mahanine,Annomontine,100,1,22.24543867686381,nM
4,Mahanine,Annomontine,100,3,19.36804490699618,nM
4,Mahanine,Annomontine,100,10,20.708216173277222,nM
4,Mahanine,Annomontine,100,30,24.10367731043634,nM
4,Mahanine,Annomontine,100,100,32.36348995116414,nM
4,Mahanine,Annomontine,100,300,55.90177986929746,nM
4,Mahanine,Annomontine,100,1000,80.64157272556423,nM
4,Mahanine,Annomontine,300,0,52.6294666625052,nM
4,Mahanine,Annomontine,300,1,52.38818431091434,nM
4,Mahanine,Annomontine,300,3,50.262240844694844,nM
4,Mahanine,Annomontine,300,10,50.20445017267574,nM
4,Mahanine,Annomontine,300,30,50.24495570042191,nM
4,Mahanine,Annomontine,300,100,56.35505845570643,nM
4,Mahanine,Annomontine,300,300,69.12473795152458,nM
4,Mahanine,Annomontine,300,1000,88.20447954708435,nM
4,Mahanine,Annomontine,1000,0,79.15185035232723,nM
4,Mahanine,Annomontine,1000,1,81.09087982684187,nM
4,Mahanine,Annomontine,1000,3,81.35799520598476,nM
4,Mahanine,Annomontine,1000,10,80.15211862735305,nM
4,Mahanine,Annomontine,1000,30,81.36273056840929,nM
4,Mahanine,Annomontine,1000,100,86.84922123349598,nM
4,Mahanine,Annomontine,1000,300,92.05295318985516,nM
4,Mahanine,Annomontine,1000,1000,93.6678794548503,nM
5,Mahanine,Protopine,0,0,-0.3892268882927313,nM
5,Mahanine,Protopine,0,1,-0.6118614712084093,nM
5,Mahanine,Protopine,0,3,-0.05850574382532381,nM
5,Mahanine,Protopine,0,10,5.1282551918444605,nM
5,Mahanine,Protopine,0,30,8.653834713493273,nM
5,Mahanine,Protopine,0,100,27.502274489361813,nM
5,Mahanine,Protopine,0,300,59.001691532100935,nM
5,Mahanine,Protopine,0,1000,83.19081359049108,nM
5,Mahanine,Protopine,1,0,-0.26800217291451583,nM
5,Mahanine,Protopine,1,1,0.319487263649679,nM
5,Mahanine,Protopine,1,3,2.650988034165819,nM
5,Mahanine,Protopine,1,10,1.9802063284788356,nM
5,Mahanine,Protopine,1,30,8.671162650799971,nM
5,Mahanine,Protopine,1,100,27.39888828982507,nM
5,Mahanine,Protopine,1,300,57.82180210765471,nM
5,Mahanine,Protopine,1,1000,84.98174833075522,nM
5,Mahanine,Protopine,3,0,-1.18090229380802,nM
5,Mahanine,Protopine,3,1,-2.5797980248437167,nM
5,Mahanine,Protopine,3,3,3.130867077128026,nM
5,Mahanine,Protopine,3,10,3.359547479801706,nM
5,Mahanine,Protopine,3,30,5.773631286048307,nM
5,Mahanine,Protopine,3,100,24.26975674133632,nM
5,Mahanine,Protopine,3,300,54.72699323044634,nM
5,Mahanine,Protopine,3,1000,80.7847038759166,nM
5,Mahanine,Protopine,10,0,2.1633801778118382,nM
5,Mahanine,Protopine,10,1,0.21641407130791257,nM
5,Mahanine,Protopine,10,3,1.556316196766847,nM
5,Mahanine,Protopine,10,10,5.163500534853082,nM
5,Mahanine,Protopine,10,30,8.629057285858892,nM
5,Mahanine,Protopine,10,100,27.314056936803485,nM
5,Mahanine,Protopine,10,300,57.03239565858991,nM
5,Mahanine,Protopine,10,1000,84.39923880362683,nM
5,Mahanine,Protopine,30,0,6.032756262716168,nM
5,Mahanine,Protopine,30,1,9.78286542592068,nM
5,Mahanine,Protopine,30,3,6.057508233783754,nM
5,Mahanine,Protopine,30,10,11.12627489392559,nM
5,Mahanine,Protopine,30,30,10.955888549402388,nM
5,Mahanine,Protopine,30,100,30.893607195689786,nM
5,Mahanine,Protopine,30,300,58.4339506309059,nM
5,Mahanine,Protopine,30,1000,83.55830674091668,nM
5,Mahanine,Protopine,100,0,15.814619118871384,nM
5,Mahanine,Protopine,100,1,24.403850627581328,nM
5,Mahanine,Protopine,100,3,19.18809157607096,nM
5,Mahanine,Protopine,100,10,20.806989410133966,nM
5,Mahanine,Protopine,100,30,27.112763169025314,nM
5,Mahanine,Protopine,100,100,40.93258866287138,nM
5,Mahanine,Protopine,100,300,65.41026492258966,nM
5,Mahanine,Protopine,100,1000,86.92573122747666,nM
5,Mahanine,Protopine,300,0,47.00076834369791,nM
5,Mahanine,Protopine,300,1,51.80022655379747,nM
5,Mahanine,Protopine,300,3,48.43714011007066,nM
5,Mahanine,Protopine,300,10,51.4755697320757,nM
5,Mahanine,Protopine,300,30,54.789344983981486,nM
5,Mahanine,Protopine,300,100,64.8556719837489,nM
5,Mahanine,Protopine,300,300,77.288159456819,nM
5,Mahanine,Protopine,300,1000,91.42484217689196,nM
5,Mahanine,Protopine,1000,0,80.4525581460008,nM
5,Mahanine,Protopine,1000,1,77.24727510808917,nM
5,Mahanine,Protopine,1000,3,79.50362291802765,nM
5,Mahanine,Protopine,1000,10,79.30309323184467,nM
5,Mahanine,Protopine,1000,30,80.00871602977227,nM
5,Mahanine,Protopine,1000,100,86.02142326022357,nM
5,Mahanine,Protopine,1000,300,90.87612457915193,nM
5,Mahanine,Protopine,1000,1000,100.15323064577808,nM
6,Mahanine,Atractylon,0,0,2.977917763353698,nM
6,Mahanine,Atractylon,0,1,-3.7072229539555828,nM
6,Mahanine,Atractylon,0,3,0.46036022456773584,nM
6,Mahanine,Atractylon,0,10,-1.0960081607798757,nM
6,Mahanine,Atractylon,0,30,4.417484490332792,nM
6,Mahanine,Atractylon,0,100,12.976633555298212,nM
6,Mahanine,Atractylon,0,300,36.998760668539646,nM
6,Mahanine,Atractylon,0,1000,70.29471112413103,nM
6,Mahanine,Atractylon,1,0,1.62882534021886,nM
6,Mahanine,Atractylon,1,1,-0.4331154963975903,nM
6,Mahanine,Atractylon,1,3,-4.694801397497384,nM
6,Mahanine,Atractylon,1,10,-1.3583969323701268,nM
6,Mahanine,Atractylon,1,30,1.6981346204821726,nM
6,Mahanine,Atractylon,1,100,11.773035082997621,nM
6,Mahanine,Atractylon,1,300,33.182423585295,nM
6,Mahanine,Atractylon,1,1000,72.97167986046644,nM
6,Mahanine,Atractylon,3,0,0.06021571644021906,nM
6,Mahanine,Atractylon,3,1,3.0460763081364957,nM
6,Mahanine,Atractylon,3,3,-0.06566937118244431,nM
6,Mahanine,Atractylon,3,10,4.607793762877587,nM
6,Mahanine,Atractylon,3,30,1.2879728184138175,nM
6,Mahanine,Atractylon,3,100,14.206041808857815,nM
6,Mahanine,Atractylon,3,300,32.734996043761655,nM
6,Mahanine,Atractylon,3,1000,70.67741587236515,nM
6,Mahanine,Atractylon,10,0,4.833696887025531,nM
6,Mahanine,Atractylon,10,1,-1.550984023695812,nM
6,Mahanine,Atractylon,10,3,0.1279616167873725,nM
6,Mahanine,Atractylon,10,10,3.0420508284157703,nM
6,Mahanine,Atractylon,10,30,4.538661423505275,nM
6,Mahanine,Atractylon,10,100,11.372395032792102,nM
6,Mahanine,Atractylon,10,300,38.52800545312209,nM
6,Mahanine,Atractylon,10,1000,70.28119014147468,nM
6,Mahanine,Atractylon,30,0,8.522195887464633,nM
6,Mahanine,Atractylon,30,1,6.626590487519678,nM
6,Mahanine,Atractylon,30,3,3.8307270640154956,nM
6,Mahanine,Atractylon,30,10,5.825140244837245,nM
6,Mahanine,Atractylon,30,30,11.808234173605404,nM
6,Mahanine,Atractylon,30,100,15.07236552130593,nM
6,Mahanine,Atractylon,30,300,38.05576975187075,nM
6,Mahanine,Atractylon,30,1000,72.67422829579385,nM
6,Mahanine,Atractylon,100,0,23.139601104668003,nM
6,Mahanine,Atractylon,100,1,22.80977019079843,nM
6,Mahanine,Atractylon,100,3,18.330916469311056,nM
6,Mahanine,Atractylon,100,10,25.99730418550351,nM
6,Mahanine,Atractylon,100,30,23.387624149790508,nM
6,Mahanine,Atractylon,100,100,31.121861543604854,nM
6,Mahanine,Atractylon,100,300,48.82384160330882,nM
6,Mahanine,Atractylon,100,1000,75.61102687963593,nM
6,Mahanine,Atractylon,300,0,48.06580370620242,nM
6,Mahanine,Atractylon,300,1,49.37491679768344,nM
6,Mahanine,Atractylon,300,3,52.7522844142263,nM
6,Mahanine,Atractylon,300,10,47.72886939962667,nM
6,Mahanine,Atractylon,300,30,46.788043497101505,nM
6,Mahanine,Atractylon,300,100,57.40014279739266,nM
6,Mahanine,Atractylon,300,300,68.24418193226508,nM
6,Mahanine,Atractylon,300,1000,86.29224915676022,nM
6,Mahanine,Atractylon,1000,0,84.37356308552867,nM
6,Mahanine,Atractylon,1000,1,79.47960488067524,nM
6,Mahanine,Atractylon,1000,3,81.31456861413444,nM
6,Mahanine,Atractylon,1000,10,82.0972540690688,nM
6,Mahanine,Atractylon,1000,30,84.01307111261683,nM
6,Mahanine,Atractylon,1000,100,85.38673457230357,nM
6,Mahanine,Atractylon,1000,300,85.93773031290722,nM
6,Mahanine,Atractylon,1000,1000,91.45836148850904,nM
7,Taraxasterol,Tricin,0,0,-0.5453600002244141,nM
7,Taraxasterol,Tricin,0,1,-2.98160410324407,nM
7,Taraxasterol,Tricin,0,3,3.125411034672517,nM
7,Taraxasterol,Tricin,0,10,2.9443307968180665,nM
7,Taraxasterol,Tricin,0,30,11.94817009639525,nM
7,Taraxasterol,Tricin,0,100,36.29048169270842,nM
7,Taraxasterol,Tricin,0,300,72.72013153977522,nM
7,Taraxasterol,Tricin,0,1000,91.26727872571469,nM
7,Taraxasterol,Tricin,1,0,-0.7783313078494712,nM
7,Taraxasterol,Tricin,1,1,1.5132329527793127,nM
7,Taraxasterol,Tricin,1,3,0.7812954935998069,nM
7,Taraxasterol,Tricin,1,10,4.965521535622271,nM
7,Taraxasterol,Tricin,1,30,15.338495642676326,nM
7,Taraxasterol,Tricin,1,100,37.56940554557834,nM
7,Taraxasterol,Tricin,1,300,70.71137332763264,nM
7,Taraxasterol,Tricin,1,1000,91.65165551090504,nM
7,Taraxasterol,Tricin,3,0,2.441364420586049,nM
7,Taraxasterol,Tricin,3,1,1.6053861200970703,nM
7,Taraxasterol,Tricin,3,3,1.142307960782991,nM
7,Taraxasterol,Tricin,3,10,2.614661975162287,nM
7,Taraxasterol,Tricin,3,30,13.400810827913077,nM
7,Taraxasterol,Tricin,3,100,36.08484066092143,nM
7,Taraxasterol,Tricin,3,300,71.03443313226089,nM
7,Taraxasterol,Tricin,3,1000,90.82641499149143,nM
7,Taraxasterol,Tricin,10,0,1.8273123949625814,nM
7,Taraxasterol,Tricin,10,1,-0.06782282479238033,nM
7,Taraxasterol,Tricin,10,3,0.025457215870031247,nM
7,Taraxasterol,Tricin,10,10,2.6091593539444684,nM
7,Taraxasterol,Tricin,10,30,15.510946898539675,nM
7,Taraxasterol,Tricin,10,100,38.08410859417928,nM
7,Taraxasterol,Tricin,10,300,69.43362440588463,nM
7,Taraxasterol,Tricin,10,1000,87.18015476686308,nM
7,Taraxasterol,Tricin,30,0,2.5587472783184593,nM
7,Taraxasterol,Tricin,30,1,-4.009966543827995,nM
7,Taraxasterol,Tricin,30,3,6.279450365997434,nM
7,Taraxasterol,Tricin,30,10,5.823612041443503,nM
7,Taraxasterol,Tricin,30,30,15.036815183797499,nM
7,Taraxasterol,Tricin,30,100,36.86853562493117,nM
7,Taraxasterol,Tricin,30,300,68.29198921204087,nM
7,Taraxasterol,Tricin,30,1000,92.14968216001857,nM
7,Taraxasterol,Tricin,100,0,10.015005152023953,nM
7,Taraxasterol,Tricin,100,1,11.509216620351888,nM
7,Taraxasterol,Tricin,100,3,13.785514632088113,nM
7,Taraxasterol,Tricin,100,10,15.102942794771621,nM
7,Taraxasterol,Tricin,100,30,17.973849476958225,nM
7,Taraxasterol,Tricin,100,100,42.56202687184976,nM
7,Taraxasterol,Tricin,100,300,70.56532674214621,nM
7,Taraxasterol,Tricin,100,1000,89.84270431557124,nM
7,Taraxasterol,Tricin,300,0,26.16648983197137,nM
7,Taraxasterol,Tricin,300,1,26.39359361786468,nM
7,Taraxasterol,Tricin,300,3,29.47083324871469,nM
7,Taraxasterol,Tricin,300,10,31.732485444873884,nM
7,Taraxasterol,Tricin,300,30,40.180491210137816,nM
7,Taraxasterol,Tricin,300,100,56.2022944979561,nM
7,Taraxasterol,Tricin,300,300,81.71316741864764,nM
7,Taraxasterol,Tricin,300,1000,89.8607227919699,nM
7,Taraxasterol,Tricin,1000,0,62.078840036959825,nM
7,Taraxasterol,Tricin,1000,1,65.44667931630065,nM
7,Taraxasterol,Tricin,1000,3,64.63259568678913,nM
7,Taraxasterol,Tricin,1000,10,64.19462886369605,nM
7,Taraxasterol,Tricin,1000,30,70.8465601978728,nM
7,Taraxasterol,Tricin,1000,100,80.41312496986582,nM
7,Taraxasterol,Tricin,1000,300,91.96121987766652,nM
7,Taraxasterol,Tricin,1000,1000,95.92773588770663,nM
8,Taraxasterol,Tamarixetin,0,0,-0.018345078571607748,nM
8,Taraxasterol,Tamarixetin,0,1,0.6476573634228828,nM
8,Taraxasterol,Tamarixetin,0,3,0.8400388044234762,nM
8,Taraxasterol,Tamarixetin,0,10,5.0588839727729304,nM
8,Taraxasterol,Tamarixetin,0,30,9.445693741643224,nM
8,Taraxasterol,Tamarixetin,0,100,33.79878885115089,nM
8,Taraxasterol,Tamarixetin,0,300,60.436848219375996,nM
8,Taraxasterol,Tamarixetin,0,1000,90.17871809710635,nM
8,Taraxasterol,Tamarixetin,1,0,3.321225348643982,nM
8,Taraxasterol,Tamarixetin,1,1,0.18495521905627108,nM
8,Taraxasterol,Tamarixetin,1,3,2.8455833906700865,nM
8,Taraxasterol,Tamarixetin,1,10,-0.26101936360864286,nM
8,Taraxasterol,Tamarixetin,1,30,9.803142428249249,nM
8,Taraxasterol,Tamarixetin,1,100,30.00575829354343,nM
8,Taraxasterol,Tamarixetin,1,300,65.5125291105975,nM
8,Taraxasterol,Tamarixetin,1,1000,89.71975621328728,nM
8,Taraxasterol,Tamarixetin,3,0,-2.572425125988827,nM
8,Taraxasterol,Tamarixetin,3,1,-1.3283314725509412,nM
8,Taraxasterol,Tamarixetin,3,3,-0.27323896596666686,nM
8,Taraxasterol,Tamarixetin,3,10,8.031830050870514,nM
8,Taraxasterol,Tamarixetin,3,30,10.437263581024869,nM
8,Taraxasterol,Tamarixetin,3,100,33.416029632060805,nM
8,Taraxasterol,Tamarixetin,3,300,65.6413921794041,nM
8,Taraxasterol,Tamarixetin,3,1000,89.28497538381738,nM
8,Taraxasterol,Tamarixetin,10,0,0.24830603858338302,nM
8,Taraxasterol,Tamarixetin,10,1,-1.7410520492893475,nM
8,Taraxasterol,Tamarixetin,10,3,0.09177740057757022,nM
8,Taraxasterol,Tamarixetin,10,10,6.995807493816335,nM
8,Taraxasterol,Tamarixetin,10,30,11.595002096157208,nM
8,Taraxasterol,Tamarixetin,10,100,32.80360609459221,nM
8,Taraxasterol,Tamarixetin,10,300,62.40946857482849,nM
8,Taraxasterol,Tamarixetin,10,1000,88.64073567077081,nM
8,Taraxasterol,Tamarixetin,30,0,2.7332922738586114,nM
8,Taraxasterol,Tamarixetin,30,1,1.5556851393019466,nM
8,Taraxasterol,Tamarixetin,30,3,5.16386354006368,nM
8,Taraxasterol,Tamarixetin,30,10,4.43396855564176,nM
8,Taraxasterol,Tamarixetin,30,30,12.486622829435584,nM
8,Taraxasterol,Tamarixetin,30,100,36.53479486208632,nM
8,Taraxasterol,Tamarixetin,30,300,66.24735211054795,nM
8,Taraxasterol,Tamarixetin,30,1000,91.21881374504187,nM
8,Taraxasterol,Tamarixetin,100,0,9.971015331095012,nM
8,Taraxasterol,Tamarixetin,100,1,9.740508193362645,nM
8,Taraxasterol,Tamarixetin,100,3,12.019426625489855,nM
8,Taraxasterol,Tamarixetin,100,10,13.566374999408612,nM
8,Taraxasterol,Tamarixetin,100,30,22.14533845320248,nM
8,Taraxasterol,Tamarixetin,100,100,40.85636536602192,nM
8,Taraxasterol,Tamarixetin,100,300,68.47389508750913,nM
8,Taraxasterol,Tamarixetin,100,1000,90.75231681485919,nM
8,Taraxasterol,Tamarixetin,300,0,31.63640168488086,nM
8,Taraxasterol,Tamarixetin,300,1,28.221012989001004,nM
8,Taraxasterol,Tamarixetin,300,3,30.54837680127547,nM
8,Taraxasterol,Tamarixetin,300,10,31.76357254019182,nM
8,Taraxasterol,Tamarixetin,300,30,39.99564501244193,nM
8,Taraxasterol,Tamarixetin,300,100,52.39257733193054,nM
8,Taraxasterol,Tamarixetin,300,300,77.64557522967733,nM
8,Taraxasterol,Tamarixetin,300,1000,89.5780866965706,nM
8,Taraxasterol,Tamarixetin,1000,0,64.75123580165534,nM
8,Taraxasterol,Tamarixetin,1000,1,67.06556303830747,nM
8,Taraxasterol,Tamarixetin,1000,3,64.59697861696876,nM
8,Taraxasterol,Tamarixetin,1000,10,68.22937405815743,nM
8,Taraxasterol,Tamarixetin,1000,30,64.47325660104975,nM
8,Taraxasterol,Tamarixetin,1000,100,76.53415836920044,nM
8,Taraxasterol,Tamarixetin,1000,300,87.97596920438484,nM
8,Taraxasterol,Tamarixetin,1000,1000,95.76891080718376,nM
9,Taraxasterol,Annomontine,0,0,-3.0167759032521966,nM
9,Taraxasterol,Annomontine,0,1,1.4076347879475124,nM
9,Taraxasterol,Annomontine,0,3,-4.379529809022832,nM
9,Taraxasterol,Annomontine,0,10,3.0783380188917855,nM
9,Taraxasterol,Annomontine,0,30,4.860010435103586,nM
9,Taraxasterol,Annomontine,0,100,17.90281843215032,nM
9,Taraxasterol,Annomontine,0,300,40.946478408941324,nM
9,Taraxasterol,Annomontine,0,1000,72.79563145446414,nM
9,Taraxasterol,Annomontine,1,0,-0.9854513767432391,nM
9,Taraxasterol,Annomontine,1,1,-0.8059532340561842,nM
9,Taraxasterol,Annomontine,1,3,1.5247280417781466,nM
9,Taraxasterol,Annomontine,1,10,0.6049832046440815,nM
9,Taraxasterol,Annomontine,1,30,5.1515471434786,nM
9,Taraxasterol,Annomontine,1,100,16.93785523285063,nM
9,Taraxasterol,Annomontine,1,300,44.32643689378307,nM
9,Taraxasterol,Annomontine,1,1000,71.0583329837235,nM
9,Taraxasterol,Annomontine,3,0,-0.6283620599005785,nM
9,Taraxasterol,Annomontine,3,1,1.6331778880741958,nM
9,Taraxasterol,Annomontine,3,3,1.8446757139021686,nM
9,Taraxasterol,Annomontine,3,10,0.24653789406334714,nM
9,Taraxasterol,Annomontine,3,30,3.9305166794810944,nM
9,Taraxasterol,Annomontine,3,100,15.90622807225674,nM
9,Taraxasterol,Annomontine,3,300,41.839218991484664,nM
9,Taraxasterol,Annomontine,3,1000,73.95883100648881,nM
9,Taraxasterol,Annomontine,10,0,-0.5298594331487404,nM
9,Taraxasterol,Annomontine,10,1,-1.403485331673335,nM
9,Taraxasterol,Annomontine,10,3,0.27813526681525824,nM
9,Taraxasterol,Annomontine,10,10,4.705998577673256,nM
9,Taraxasterol,Annomontine,10,30,3.111110142334141,nM
9,Taraxasterol,Annomontine,10,100,18.501379413442052,nM
9,Taraxasterol,Annomontine,10,300,45.79482243138167,nM
9,Taraxasterol,Annomontine,10,1000,75.64700446428571,nM
9,Taraxasterol,Annomontine,30,0,7.4323097631874475,nM
9,Taraxasterol,Annomontine,30,1,2.513778626517089,nM
9,Taraxasterol,Annomontine,30,3,6.330695412418157,nM
9,Taraxasterol,Annomontine,30,10,3.783945891829842,nM
9,Taraxasterol,Annomontine,30,30,4.4708985968841315,nM
9,Taraxasterol,Annomontine,30,100,18.93112264807342,nM
9,Taraxasterol,Annomontine,30,300,46.85320529394984,nM
9,Taraxasterol,Annomontine,30,1000,74.5762754239895,nM
9,Taraxasterol,Annomontine,100,0,11.46183184806845,nM
9,Taraxasterol,Annomontine,100,1,8.581016989238243,nM
9,Taraxasterol,Annomontine,100,3,8.990476044366975,nM
9,Taraxasterol,Annomontine,100,10,12.476841944890557,nM
9,Taraxasterol,Annomontine,100,30,13.972577055996938,nM
9,Taraxasterol,Annomontine,100,100,25.909541071141152,nM
9,Taraxasterol,Annomontine,100,300,50.18906268563802,nM
9,Taraxasterol,Annomontine,100,1000,75.35182225172638,nM
9,Taraxasterol,Annomontine,300,0,29.040444630426002,nM
9,Taraxasterol,Annomontine,300,1,30.558557528158982,nM
9,Taraxasterol,Annomontine,300,3,35.24688717889855,nM
9,Taraxasterol,Annomontine,300,10,30.59723035403237,nM
9,Taraxasterol,Annomontine,300,30,32.44131529596551,nM
9,Taraxasterol,Annomontine,300,100,42.40276649990841,nM
9,Taraxasterol,Annomontine,300,300,63.5311513824504,nM
9,Taraxasterol,Annomontine,300,1000,81.54398406681942,nM
9,Taraxasterol,Annomontine,1000,0,64.36831402036587,nM
9,Taraxasterol,Annomontine,1000,1,65.09368671728444,nM
9,Taraxasterol,Annomontine,1000,3,66.59801977875327,nM
9,Taraxasterol,Annomontine,1000,10,69.76825947671769,nM
9,Taraxasterol,Annomontine,1000,30,64.00540893898024,nM
9,Taraxasterol,Annomontine,1000,100,67.27200092004132,nM
9,Taraxasterol,Annomontine,1000,300,79.88288013590845,nM
9,Taraxasterol,Annomontine,1000,1000,92.4361478139071,nM
10,Taraxasterol,Protopine,0,0,-4.311651764016639,nM
10,Taraxasterol,Protopine,0,1,-0.940962199706856,nM
10,Taraxasterol,Protopine,0,3,2.5702417272285225,nM
10,Taraxasterol,Protopine,0,10,1.166801288565357,nM
10,Taraxasterol,Protopine,0,30,8.413161832019197,nM
10,Taraxasterol,Protopine,0,100,25.49894746334501,nM
10,Taraxasterol,Protopine,0,300,56.92104165918244,nM
10,Taraxasterol,Protopine,0,1000,85.11334257720227,nM
10,Taraxasterol,Protopine,1,0,0.7460866880403493,nM
10,Taraxasterol,Protopine,1,1,2.8510496933177225,nM
10,Taraxasterol,Protopine,1,3,-0.3989480142176439,nM
10,Taraxasterol,Protopine,1,10,2.5378327317630798,nM
10,Taraxasterol,Protopine,1,30,9.77207296130223,nM
10,Taraxasterol,Protopine,1,100,24.090339685657142,nM
10,Taraxasterol,Protopine,1,300,54.923095486766854,nM
10,Taraxasterol,Protopine,1,1000,82.77198050846113,nM
10,Taraxasterol,Protopine,3,0,-1.504028171402424,nM
10,Taraxasterol,Protopine,3,1,4.553114623615352,nM
10,Taraxasterol,Protopine,3,3,1.810988288114774,nM
10,Taraxasterol,Protopine,3,10,6.187283469247646,nM
10,Taraxasterol,Protopine,3,30,9.114159904669732,nM
10,Taraxasterol,Protopine,3,100,25.476083329027198,nM
10,Taraxasterol,Protopine,3,300,55.172980625746476,nM
10,Taraxasterol,Protopine,3,1000,84.83863853213238,nM
10,Taraxasterol,Protopine,10,0,0.8529035657020372,nM
10,Taraxasterol,Protopine,10,1,2.8956079887035653,nM
10,Taraxasterol,Protopine,10,3,-0.3127678149007582,nM
10,Taraxasterol,Protopine,10,10,3.3212597676264197,nM
10,Taraxasterol,Protopine,10,30,9.094046700536957,nM
10,Taraxasterol,Protopine,10,100,25.280251455911895,nM
10,Taraxasterol,Protopine,10,300,55.52017620679122,nM
10,Taraxasterol,Protopine,10,1000,85.49832885800157,nM
10,Taraxasterol,Protopine,30,0,4.003400746571709,nM
10,Taraxasterol,Protopine,30,1,2.8064073814535635,nM
10,Taraxasterol,Protopine,30,3,3.3357863565136756,nM
10,Taraxasterol,Protopine,30,10,3.773197633747774,nM
10,Taraxasterol,Protopine,30,30,11.078506468937588,nM
10,Taraxasterol,Protopine,30,100,26.953365185804287,nM
10,Taraxasterol,Protopine,30,300,53.71137043211052,nM
10,Taraxasterol,Protopine,30,1000,84.07537000610844,nM
10,Taraxasterol,Protopine,100,0,11.85503377457532,nM
10,Taraxasterol,Protopine,100,1,11.30449800085028,nM
10,Taraxasterol,Protopine,100,3,9.287074538469401,nM
10,Taraxasterol,Protopine,100,10,13.924750376893202,nM
10,Taraxasterol,Protopine,100,30,18.339238749931916,nM
10,Taraxasterol,Protopine,100,100,34.196771434605246,nM
10,Taraxasterol,Protopine,100,300,63.310613123677825,nM
10,Taraxasterol,Protopine,100,1000,85.23280242992443,nM
10,Taraxasterol,Protopine,300,0,31.68898414951913,nM
10,Taraxasterol,Protopine,300,1,30.06034356791969,nM
10,Taraxasterol,Protopine,300,3,32.79066575180233,nM
10,Taraxasterol,Protopine,300,10,34.22366204827219,nM
10,Taraxasterol,Protopine,300,30,36.51667356156825,nM
10,Taraxasterol,Protopine,300,100,49.35677529307011,nM
10,Taraxasterol,Protopine,300,300,67.47131058699934,nM
10,Taraxasterol,Protopine,300,1000,90.27487711724729,nM
10,Taraxasterol,Protopine,1000,0,62.60955046963785,nM
10,Taraxasterol,Protopine,1000,1,69.34678881769848,nM
10,Taraxasterol,Protopine,1000,3,67.45212169455235,nM
10,Taraxasterol,Protopine,1000,10,62.63406898764052,nM
10,Taraxasterol,Protopine,1000,30,62.20121940163672,nM
10,Taraxasterol,Protopine,1000,100,76.32844183975973,nM
10,Taraxasterol,Protopine,1000,300,82.71818795607032,nM
10,Taraxasterol,Protopine,1000,1000,95.56445571829244,nM
11,Taraxasterol,Atractylon,0,0,-2.5252850685709505,nM
11,Taraxasterol,Atractylon,0,1,0.26261410348865727,nM
11,Taraxasterol,Atractylon,0,3,-1.017324975278713,nM
11,Taraxasterol,Atractylon,0,10,2.1553334025458923,nM
11,Taraxasterol,Atractylon,0,30,2.687116908967506,nM
11,Taraxasterol,Atractylon,0,100,15.677452128981514,nM
11,Taraxasterol,Atractylon,0,300,33.66722698995094,nM
11,Taraxasterol,Atractylon,0,1000,72.27275363272582,nM
11,Taraxasterol,Atractylon,1,0,0.052581979112408535,nM
11,Taraxasterol,Atractylon,1,1,1.1821589067509566,nM
11,Taraxasterol,Atractylon,1,3,-2.887368361231983,nM
11,Taraxasterol,Atractylon,1,10,-2.518713646317992,nM
11,Taraxasterol,Atractylon,1,30,5.480991004757346,nM
11,Taraxasterol,Atractylon,1,100,10.27543294009263,nM
11,Taraxasterol,Atractylon,1,300,34.51495963256043,nM
11,Taraxasterol,Atractylon,1,1000,69.0714680104493,nM
11,Taraxasterol,Atractylon,3,0,-1.6055697085198766,nM
11,Taraxasterol,Atractylon,3,1,0.6564905991457501,nM
11,Taraxasterol,Atractylon,3,3,-2.410295087730955,nM
11,Taraxasterol,Atractylon,3,10,-1.27937980245725,nM
11,Taraxasterol,Atractylon,3,30,5.334939402965374,nM
11,Taraxasterol,Atractylon,3,100,11.221363578146148,nM
11,Taraxasterol,Atractylon,3,300,36.748348795391124,nM
11,Taraxasterol,Atractylon,3,1000,71.06443469418971,nM
11,Taraxasterol,Atractylon,10,0,3.7747076777233914,nM
11,Taraxasterol,Atractylon,10,1,1.7073984907373703,nM
11,Taraxasterol,Atractylon,10,3,-2.708527734720247,nM
11,Taraxasterol,Atractylon,10,10,0.34021479766649976,nM
11,Taraxasterol,Atractylon,10,30,3.196216063251337,nM
11,Taraxasterol,Atractylon,10,100,15.760628970436079,nM
11,Taraxasterol,Atractylon,10,300,36.30778055841107,nM
11,Taraxasterol,Atractylon,10,1000,68.92433982292526,nM
11,Taraxasterol,Atractylon,30,0,3.5478688088430257,nM
11,Taraxasterol,Atractylon,30,1,2.0181865076763494,nM
11,Taraxasterol,Atractylon,30,3,3.9816431582924334,nM
11,Taraxasterol,Atractylon,30,10,3.862495403567577,nM
11,Taraxasterol,Atractylon,30,30,8.107675838702587,nM
11,Taraxasterol,Atractylon,30,100,15.665838024521992,nM
11,Taraxasterol,Atractylon,30,300,38.862920219632805,nM
11,Taraxasterol,Atractylon,30,1000,70.46222574681248,nM
11,Taraxasterol,Atractylon,100,0,11.856344166202437,nM
11,Taraxasterol,Atractylon,100,1,10.180535135940465,nM
11,Taraxasterol,Atractylon,100,3,11.912265838520227,nM
11,Taraxasterol,Atractylon,100,10,11.691973896819073,nM
11,Taraxasterol,Atractylon,100,30,13.14451442486001,nM
11,Taraxasterol,Atractylon,100,100,20.932775778138602,nM
11,Taraxasterol,Atractylon,100,300,41.35677075558929,nM
11,Taraxasterol,Atractylon,100,1000,73.78392191673854,nM
11,Taraxasterol,Atractylon,300,0,25.74338494106015,nM
11,Taraxasterol,Atractylon,300,1,32.84857357559873,nM
11,Taraxasterol,Atractylon,300,3,25.742053132684863,nM
11,Taraxasterol,Atractylon,300,10,30.579088959814413,nM
11,Taraxasterol,Atractylon,300,30,31.97068038612771,nM
11,Taraxasterol,Atractylon,300,100,40.62666450747236,nM
11,Taraxasterol,Atractylon,300,300,55.280023474759545,nM
11,Taraxasterol,Atractylon,300,1000,78.78391229495887,nM
11,Taraxasterol,Atractylon,1000,0,65.03008053540147,nM
11,Taraxasterol,Atractylon,1000,1,66.77503338647035,nM
11,Taraxasterol,Atractylon,1000,3,69.62000156132184,nM
11,Taraxasterol,Atractylon,1000,10,65.93486576712851,nM
11,Taraxasterol,Atractylon,1000,30,61.90493846522527,nM
11,Taraxasterol,Atractylon,1000,100,68.47243160114006,nM
11,Taraxasterol,Atractylon,1000,300,78.04833846968901,nM
11,Taraxasterol,Atractylon,1000,1000,95.97316222331425,nM
12,Tricin,Tamarixetin,0,0,-1.5308462337164468,nM
12,Tricin,Tamarixetin,0,1,-0.5479029973452735,nM
12,Tricin,Tamarixetin,0,3,1.8479525321521866,nM
12,Tricin,Tamarixetin,0,10,3.6689086307912775,nM
12,Tricin,Tamarixetin,0,30,7.784355964548148,nM
12,Tricin,Tamarixetin,0,100,34.957062994393084,nM
12,Tricin,Tamarixetin,0,300,62.2301338930977,nM
12,Tricin,Tamarixetin,0,1000,88.1398011190817,nM
12,Tricin,Tamarixetin,1,0,2.893656780603098,nM
12,Tricin,Tamarixetin,1,1,-2.1976981116296583,nM
12,Tricin,Tamarixetin,1,3,0.28309691663296055,nM
12,Tricin,Tamarixetin,1,10,6.599332784810921,nM
12,Tricin,Tamarixetin,1,30,10.129566546363273,nM
12,Tricin,Tamarixetin,1,100,31.1289359429622,nM
12,Tricin,Tamarixetin,1,300,63.78373970257745,nM
12,Tricin,Tamarixetin,1,1000,90.37350317146243,nM
12,Tricin,Tamarixetin,3,0,-2.231917389419106,nM
12,Tricin,Tamarixetin,3,1,-0.1661639485380184,nM
12,Tricin,Tamarixetin,3,3,-1.2886553431349235,nM
12,Tricin,Tamarixetin,3,10,1.5843241889232154,nM
12,Tricin,Tamarixetin,3,30,13.818386718364085,nM
12,Tricin,Tamarixetin,3,100,33.500601132491326,nM
12,Tricin,Tamarixetin,3,300,64.3010458615577,nM
12,Tricin,Tamarixetin,3,1000,89.62600337224598,nM
12,Tricin,Tamarixetin,10,0,2.302357694608586,nM
12,Tricin,Tamarixetin,10,1,1.5110569957918991,nM
12,Tricin,Tamarixetin,10,3,6.730197228307417,nM
12,Tricin,Tamarixetin,10,10,8.399524798352038,nM
12,Tricin,Tamarixetin,10,30,12.079651140739843,nM
12,Tricin,Tamarixetin,10,100,36.970955016960104,nM
12,Tricin,Tamarixetin,10,300,69.09462043577412,nM
12,Tricin,Tamarixetin,10,1000,90.07776379705435,nM
12,Tricin,Tamarixetin,30,0,13.660716246901645,nM
12,Tricin,Tamarixetin,30,1,10.343007472244942,nM
12,Tricin,Tamarixetin,30,3,13.027768613744536,nM
12,Tricin,Tamarixetin,30,10,11.54937572788604,nM
12,Tricin,Tamarixetin,30,30,24.00181826825467,nM
12,Tricin,Tamarixetin,30,100,41.187873072005175,nM
12,Tricin,Tamarixetin,30,300,71.96248550953224,nM
12,Tricin,Tamarixetin,30,1000,88.55068962833955,nM
12,Tricin,Tamarixetin,100,0,39.82354077963307,nM
12,Tricin,Tamarixetin,100,1,35.00462333278908,nM
12,Tricin,Tamarixetin,100,3,37.703973979395386,nM
12,Tricin,Tamarixetin,100,10,41.03532379126522,nM
12,Tricin,Tamarixetin,100,30,45.24241424591053,nM
12,Tricin,Tamarixetin,100,100,58.42360032197726,nM
12,Tricin,Tamarixetin,100,300,74.92370686534113,nM
12,Tricin,Tamarixetin,100,1000,95.6416137651332,nM
12,Tricin,Tamarixetin,300,0,70.9973490322512,nM
12,Tricin,Tamarixetin,300,1,72.02200113088956,nM
12,Tricin,Tamarixetin,300,3,72.15753765306832,nM
12,Tricin,Tamarixetin,300,10,69.82873702397997,nM
12,Tricin,Tamarixetin,300,30,73.62221367254837,nM
12,Tricin,Tamarixetin,300,100,85.02570695181996,nM
12,Tricin,Tamarixetin,300,300,87.65280621524617,nM
12,Tricin,Tamarixetin,300,1000,97.38165463596151,nM
12,Tricin,Tamarixetin,1000,0,89.55818570799063,nM
12,Tricin,Tamarixetin,1000,1,94.23334261015205,nM
12,Tricin,Tamarixetin,1000,3,91.10592447500298,nM
12,Tricin,Tamarixetin,1000,10,88.87120381382286,nM
12,Tricin,Tamarixetin,1000,30,90.43784914131497,nM
12,Tricin,Tamarixetin,1000,100,90.92276260249116,nM
12,Tricin,Tamarixetin,1000,300,92.12137447060378,nM
12,Tricin,Tamarixetin,1000,1000,93.46176544247514,nM
13,Tricin,Annomontine,0,0,-1.475909811713002,nM
13,Tricin,Annomontine,0,1,-2.2159474520472426,nM
13,Tricin,Annomontine,0,3,0.5762602957928805,nM
13,Tricin,Annomontine,0,10,-0.4969271081853799,nM
13,Tricin,Annomontine,0,30,4.7239221258663235,nM
13,Tricin,Annomontine,0,100,19.504730714524136,nM
13,Tricin,Annomontine,0,300,39.06692537102762,nM
13,Tricin,Annomontine,0,1000,72.55857437601038,nM
13,Tricin,Annomontine,1,0,2.2264878209847447,nM
13,Tricin,Annomontine,1,1,5.058645429648475,nM
13,Tricin,Annomontine,1,3,-1.2509304469763258,nM
13,Tricin,Annomontine,1,10,-2.00458583334579,nM
13,Tricin,Annomontine,1,30,3.913740909393932,nM
13,Tricin,Annomontine,1,100,15.305707846583742,nM
13,Tricin,Annomontine,1,300,43.02818443174941,nM
13,Tricin,Annomontine,1,1000,72.91986294998101,nM
13,Tricin,Annomontine,3,0,0.3655867809510578,nM
13,Tricin,Annomontine,3,1,0.34225482651061334,nM
13,Tricin,Annomontine,3,3,-2.0195091536979453,nM
13,Tricin,Annomontine,3,10,-1.1142214826974879,nM
13,Tricin,Annomontine,3,30,6.0388582890221745,nM
13,Tricin,Annomontine,3,100,17.788530765820585,nM
13,Tricin,Annomontine,3,300,40.36237641872647,nM
13,Tricin,Annomontine,3,1000,78.40571108681705,nM
13,Tricin,Annomontine,10,0,5.620079657414678,nM
13,Tricin,Annomontine,10,1,4.737928133585814,nM
13,Tricin,Annomontine,10,3,5.232498309777624,nM
13,Tricin,Annomontine,10,10,5.5711938098268545,nM
13,Tricin,Annomontine,10,30,9.306765934741067,nM
13,Tricin,Annomontine,10,100,20.813190830352816,nM
13,Tricin,Annomontine,10,300,43.77019983329981,nM
13,Tricin,Annomontine,10,1000,71.77330019584454,nM
13,Tricin,Annomontine,30,0,12.320451413936404,nM
13,Tricin,Annomontine,30,1,11.021074576444313,nM
13,Tricin,Annomontine,30,3,10.477391846842234,nM
13,Tricin,Annomontine,30,10,14.892002961479252,nM
13,Tricin,Annomontine,30,30,12.758841792436074,nM
13,Tricin,Annomontine,30,100,28.24762800432759,nM
13,Tricin,Annomontine,30,300,47.550559439075926,nM
13,Tricin,Annomontine,30,1000,75.66670785034538,nM
13,Tricin,Annomontine,100,0,36.28271646824362,nM
13,Tricin,Annomontine,100,1,42.85366529051569,nM
13,Tricin,Annomontine,100,3,41.22566456317721,nM
13,Tricin,Annomontine,100,10,38.20781401206214,nM
13,Tricin,Annomontine,100,30,42.873876859098544,nM
13,Tricin,Annomontine,100,100,51.543135577483305,nM
13,Tricin,Annomontine,100,300,61.948076676374335,nM
13,Tricin,Annomontine,100,1000,83.92565638756035,nM
13,Tricin,Annomontine,300,0,71.5280147449297,nM
13,Tricin,Annomontine,300,1,70.49503966694675,nM
13,Tricin,Annomontine,300,3,68.98070819373407,nM
13,Tricin,Annomontine,300,10,73.33017481874967,nM
13,Tricin,Annomontine,300,30,71.98995116813093,nM
13,Tricin,Annomontine,300,100,76.10103858784029,nM
13,Tricin,Annomontine,300,300,87.10786197200275,nM
13,Tricin,Annomontine,300,1000,93.40651803405315,nM
13,Tricin,Annomontine,1000,0,96.07742256131874,nM
13,Tricin,Annomontine,1000,1,91.30722710927226,nM
13,Tricin,Annomontine,1000,3,90.37379363024408,nM
13,Tricin,Annomontine,1000,10,91.05012987049857,nM
13,Tricin,Annomontine,1000,30,92.85762989652574,nM
13,Tricin,Annomontine,1000,100,93.49887852808313,nM
13,Tricin,Annomontine,1000,300,95.29593741890085,nM
13,Tricin,Annomontine,1000,1000,94.62512489407743,nM
14,Tricin,Protopine,0,0,-2.239981040529102,nM
14,Tricin,Protopine,0,1,-0.4286395842394184,nM
14,Tricin,Protopine,0,3,1.9627657779241576,nM
14,Tricin,Protopine,0,10,4.993486795376803,nM
14,Tricin,Protopine,0,30,2.354781684785147,nM
14,Tricin,Protopine,0,100,24.656069798804406,nM
14,Tricin,Protopine,0,300,54.4859220309313,nM
14,Tricin,Protopine,0,1000,83.82150693595307,nM
14,Tricin,Protopine,1,0,0.6465835256178248,nM
14,Tricin,Protopine,1,1,-1.3968968063105676,nM
14,Tricin,Protopine,1,3,-2.0004257030592925,nM
14,Tricin,Protopine,1,10,4.336319328536659,nM
14,Tricin,Protopine,1,30,9.014084247832916,nM
14,Tricin,Protopine,1,100,24.280651918521926,nM
14,Tricin,Protopine,1,300,55.27634382276034,nM
14,Tricin,Protopine,1,1000,82.6626964690165,nM
14,Tricin,Protopine,3,0,-2.0078609702664636,nM
14,Tricin,Protopine,3,1,2.330265124630594,nM
14,Tricin,Protopine,3,3,-0.004565311111614401,nM
14,Tricin,Protopine,3,10,0.6194234938689629,nM
14,Tricin,Protopine,3,30,6.854911608703466,nM
14,Tricin,Protopine,3,100,28.97730217918285,nM
14,Tricin,Protopine,3,300,56.7218788659837,nM
14,Tricin,Protopine,3,1000,84.66173231798794,nM
14,Tricin,Protopine,10,0,3.8838044771398508,nM
14,Tricin,Protopine,10,1,5.588302968839442,nM
14,Tricin,Protopine,10,3,5.669554601633846,nM
14,Tricin,Protopine,10,10,3.0103122512774028,nM
14,Tricin,Protopine,10,30,10.213540082778486,nM
14,Tricin,Protopine,10,100,26.41508216137638,nM
14,Tricin,Protopine,10,300,57.50787663328765,nM
14,Tricin,Protopine,10,1000,84.49388789076315,nM
14,Tricin,Protopine,30,0,8.529759029304422,nM
14,Tricin,Protopine,30,1,15.078081101096764,nM
14,Tricin,Protopine,30,3,13.575231470231373,nM
14,Tricin,Protopine,30,10,10.86020513208014,nM
14,Tricin,Protopine,30,30,21.30105818854978,nM
14,Tricin,Protopine,30,100,34.6747716515606,nM
14,Tricin,Protopine,30,300,61.993870320782996,nM
14,Tricin,Protopine,30,1000,86.08593839603775,nM
14,Tricin,Protopine,100,0,38.33406686277822,nM
14,Tricin,Protopine,100,1,37.05048969778188,nM
14,Tricin,Protopine,100,3,34.901134863779525,nM
14,Tricin,Protopine,100,10,38.00311812599597,nM
14,Tricin,Protopine,100,30,42.865398143368836,nM
14,Tricin,Protopine,100,100,53.53478387263948,nM
14,Tricin,Protopine,100,300,73.64911135124088,nM
14,Tricin,Protopine,100,1000,89.84776297125642,nM
14,Tricin,Protopine,300,0,64.99376658207885,nM
14,Tricin,Protopine,300,1,71.10759279512388,nM
14,Tricin,Protopine,300,3,68.06572558760192,nM
14,Tricin,Protopine,300,10,67.44683277199901,nM
14,Tricin,Protopine,300,30,71.11160147156491,nM
14,Tricin,Protopine,300,100,74.34648115292929,nM
14,Tricin,Protopine,300,300,87.09844887248065,nM
14,Tricin,Protopine,300,1000,93.15600756784227,nM
14,Tricin,Protopine,1000,0,94.51639502271064,nM
14,Tricin,Protopine,1000,1,90.06006331267012,nM
14,Tricin,Protopine,1000,3,89.46553802080618,nM
14,Tricin,Protopine,1000,10,89.40988840395408,nM
14,Tricin,Protopine,1000,30,86.82531484556425,nM
14,Tricin,Protopine,1000,100,91.10036817834377,nM
14,Tricin,Protopine,1000,300,94.1613759737625,nM
14,Tricin,Protopine,1000,1000,97.6958312631196,nM
15,Tricin,Atractylon,0,0,-4.671143889613443,nM
15,Tricin,Atractylon,0,1,-0.006482301409406956,nM
15,Tricin,Atractylon,0,3,2.6944318213245153,nM
15,Tricin,Atractylon,0,10,-0.10836919099435072,nM
15,Tricin,Atractylon,0,30,3.058774674510104,nM
15,Tricin,Atractylon,0,100,13.394597215090988,nM
15,Tricin,Atractylon,0,300,33.37517080119581,nM
15,Tricin,Atractylon,0,1000,68.65126855871863,nM
15,Tricin,Atractylon,1,0,2.0629297796060104,nM
15,Tricin,Atractylon,1,1,0.5706724409361181,nM
15,Tricin,Atractylon,1,3,-2.1537648400615184,nM
15,Tricin,Atractylon,1,10,-2.5931434373050886,nM
15,Tricin,Atractylon,1,30,8.096067964711263,nM
15,Tricin,Atractylon,1,100,13.683785369217638,nM
15,Tricin,Atractylon,1,300,31.97330903368797,nM
15,Tricin,Atractylon,1,1000,69.97722622996896,nM
15,Tricin,Atractylon,3,0,2.205880752172119,nM
15,Tricin,Atractylon,3,1,1.1302688396231182,nM
15,Tricin,Atractylon,3,3,-2.7724922448993263,nM
15,Tricin,Atractylon,3,10,5.428449001842576,nM
15,Tricin,Atractylon,3,30,5.341730996294998,nM
15,Tricin,Atractylon,3,100,12.997243515298578,nM
15,Tricin,Atractylon,3,300,37.06441832583116,nM
15,Tricin,Atractylon,3,1000,69.44412468788876,nM
15,Tricin,Atractylon,10,0,3.0088125575739197,nM
15,Tricin,Atractylon,10,1,5.564331118925924,nM
15,Tricin,Atractylon,10,3,-0.128918421002453,nM
15,Tricin,Atractylon,10,10,6.614979235753796,nM
15,Tricin,Atractylon,10,30,7.69954959172508,nM
15,Tricin,Atractylon,10,100,17.445854112412068,nM
15,Tricin,Atractylon,10,300,39.40108489046136,nM
15,Tricin,Atractylon,10,1000,73.96211313903072,nM
15,Tricin,Atractylon,30,0,15.590329028414812,nM
15,Tricin,Atractylon,30,1,14.510394633744692,nM
15,Tricin,Atractylon,30,3,12.065285759933085,nM
15,Tricin,Atractylon,30,10,14.8649658151272,nM
15,Tricin,Atractylon,30,30,14.586156979414769,nM
15,Tricin,Atractylon,30,100,21.79073170246229,nM
15,Tricin,Atractylon,30,300,44.303461339857535,nM
15,Tricin,Atractylon,30,1000,74.27204576118582,nM
15,Tricin,Atractylon,100,0,40.53016772890608,nM
15,Tricin,Atractylon,100,1,33.78525446499013,nM
15,Tricin,Atractylon,100,3,39.463058882182814,nM
15,Tricin,Atractylon,100,10,40.04389689885937,nM
15,Tricin,Atractylon,100,30,40.396699322388336,nM
15,Tricin,Atractylon,100,100,48.98110250862437,nM
15,Tricin,Atractylon,100,300,58.10903998144699,nM
15,Tricin,Atractylon,100,1000,81.96605575829005,nM
15,Tricin,Atractylon,300,0,68.97821084719419,nM
15,Tricin,Atractylon,300,1,69.72643302121286,nM
15,Tricin,Atractylon,300,3,67.8333832895762,nM
15,Tricin,Atractylon,300,10,69.73436139485645,nM
15,Tricin,Atractylon,300,30,72.11637138753208,nM
15,Tricin,Atractylon,300,100,73.82952617227546,nM
15,Tricin,Atractylon,300,300,81.10594084231165,nM
15,Tricin,Atractylon,300,1000,89.31919612973877,nM
15,Tricin,Atractylon,1000,0,93.99587410915218,nM
15,Tricin,Atractylon,1000,1,89.35643069626674,nM
15,Tricin,Atractylon,1000,3,90.82947445143269,nM
15,Tricin,Atractylon,1000,10,92.05030545264458,nM
15,Tricin,Atractylon,1000,30,90.70872821101405,nM
15,Tricin,Atractylon,1000,100,93.49015332293003,nM
15,Tricin,Atractylon,1000,300,94.43673197636883,nM
15,Tricin,Atractylon,1000,1000,100.72082292203002,nM
16,Tamarixetin,Annomontine,0,0,1.2010945622788,nM
16,Tamarixetin,Annomontine,0,1,0.9663223333195992,nM
16,Tamarixetin,Annomontine,0,3,-1.276228694632533,nM
16,Tamarixetin,Annomontine,0,10,2.203179182874994,nM
16,Tamarixetin,Annomontine,0,30,6.397411348044325,nM
16,Tamarixetin,Annomontine,0,100,16.85275974282579,nM
16,Tamarixetin,Annomontine,0,300,39.644836575099994,nM
16,Tamarixetin,Annomontine,0,1000,73.98531817040003,nM
16,Tamarixetin,Annomontine,1,0,-0.1995005339661093,nM
16,Tamarixetin,Annomontine,1,1,0.3845572759092466,nM
16,Tamarixetin,Annomontine,1,3,-2.2604194752153517,nM
16,Tamarixetin,Annomontine,1,10,5.239828869347346,nM
16,Tamarixetin,Annomontine,1,30,4.328779253758371,nM
16,Tamarixetin,Annomontine,1,100,16.388362607163785,nM
16,Tamarixetin,Annomontine,1,300,40.73705064878724,nM
16,Tamarixetin,Annomontine,1,1000,75.04088677231562,nM
16,Tamarixetin,Annomontine,3,0,4.673127305741565,nM
16,Tamarixetin,Annomontine,3,1,-1.0596312201572742,nM
16,Tamarixetin,Annomontine,3,3,0.01073974267278599,nM
16,Tamarixetin,Annomontine,3,10,-0.14298004926622965,nM
16,Tamarixetin,Annomontine,3,30,3.9087342886068135,nM
16,Tamarixetin,Annomontine,3,100,19.68240235367246,nM
16,Tamarixetin,Annomontine,3,300,40.652049009801395,nM
16,Tamarixetin,Annomontine,3,1000,74.31829025228305,nM
16,Tamarixetin,Annomontine,10,0,-0.5935740414282948,nM
16,Tamarixetin,Annomontine,10,1,2.4062791094253595,nM
16,Tamarixetin,Annomontine,10,3,3.792341140141127,nM
16,Tamarixetin,Annomontine,10,10,3.21888439332853,nM
16,Tamarixetin,Annomontine,10,30,6.403418492812122,nM
16,Tamarixetin,Annomontine,10,100,20.121674199360175,nM
16,Tamarixetin,Annomontine,10,300,44.32779909340628,nM
16,Tamarixetin,Annomontine,10,1000,75.60319613975916,nM
16,Tamarixetin,Annomontine,30,0,8.891949815642288,nM
16,Tamarixetin,Annomontine,30,1,7.502003364983614,nM
16,Tamarixetin,Annomontine,30,3,14.11501290990451,nM
16,Tamarixetin,Annomontine,30,10,8.410150618535818,nM
16,Tamarixetin,Annomontine,30,30,15.60576749308212,nM
16,Tamarixetin,Annomontine,30,100,24.342210301335356,nM
16,Tamarixetin,Annomontine,30,300,46.12452478164078,nM
16,Tamarixetin,Annomontine,30,1000,79.44821161325605,nM
16,Tamarixetin,Annomontine,100,0,31.61250411983457,nM
16,Tamarixetin,Annomontine,100,1,35.696671213876165,nM
16,Tamarixetin,Annomontine,100,3,31.22197159102552,nM
16,Tamarixetin,Annomontine,100,10,34.892116202293245,nM
16,Tamarixetin,Annomontine,100,30,38.54160534281559,nM
16,Tamarixetin,Annomontine,100,100,41.82111564375627,nM
16,Tamarixetin,Annomontine,100,300,65.08194998428533,nM
16,Tamarixetin,Annomontine,100,1000,85.04726491816868,nM
16,Tamarixetin,Annomontine,300,0,60.459416534608735,nM
16,Tamarixetin,Annomontine,300,1,67.7334174479524,nM
16,Tamarixetin,Annomontine,300,3,68.85126702864771,nM
16,Tamarixetin,Annomontine,300,10,64.79863283519347,nM
16,Tamarixetin,Annomontine,300,30,66.02279347559077,nM
16,Tamarixetin,Annomontine,300,100,71.25494092612632,nM
16,Tamarixetin,Annomontine,300,300,75.65362710680591,nM
16,Tamarixetin,Annomontine,300,1000,91.58120797959148,nM
16,Tamarixetin,Annomontine,1000,0,90.59875797292187,nM
16,Tamarixetin,Annomontine,1000,1,87.62125274313375,nM
16,Tamarixetin,Annomontine,1000,3,90.99020747947493,nM
16,Tamarixetin,Annomontine,1000,10,93.29292691955011,nM
16,Tamarixetin,Annomontine,1000,30,85.25826110853397,nM
16,Tamarixetin,Annomontine,1000,100,86.88219936248808,nM
16,Tamarixetin,Annomontine,1000,300,91.99110443212996,nM
16,Tamarixetin,Annomontine,1000,1000,98.4866617043658,nM
17,Tamarixetin,Protopine,0,0,0.8119536895198242,nM
17,Tamarixetin,Protopine,0,1,-1.6724994851353592,nM
17,Tamarixetin,Protopine,0,3,-1.750076290532463,nM
17,Tamarixetin,Protopine,0,10,0.6249756094738581,nM
17,Tamarixetin,Protopine,0,30,10.737346687299857,nM
17,Tamarixetin,Protopine,0,100,23.10389550492014,nM
17,Tamarixetin,Protopine,0,300,54.319328997660804,nM
17,Tamarixetin,Protopine,0,1000,86.02986618865775,nM
17,Tamarixetin,Protopine,1,0,-0.30711466182671254,nM
17,Tamarixetin,Protopine,1,1,-1.631672052496801,nM
17,Tamarixetin,Protopine,1,3,3.6099144448141933,nM
17,Tamarixetin,Protopine,1,10,2.9654437607620934,nM
17,Tamarixetin,Protopine,1,30,6.124134463878309,nM
17,Tamarixetin,Protopine,1,100,24.40333597681801,nM
17,Tamarixetin,Protopine,1,300,57.45811054541744,nM
17,Tamarixetin,Protopine,1,1000,83.42034549314029,nM
17,Tamarixetin,Protopine,3,0,1.3060728137428956,nM
17,Tamarixetin,Protopine,3,1,2.710317601682336,nM
17,Tamarixetin,Protopine,3,3,3.2872873114018413,nM
17,Tamarixetin,Protopine,3,10,-0.863509615216909,nM
17,Tamarixetin,Protopine,3,30,7.042786218656648,nM
17,Tamarixetin,Protopine,3,100,24.92757389125969,nM
17,Tamarixetin,Protopine,3,300,56.052847476231435,nM
17,Tamarixetin,Protopine,3,1000,85.81466735638078,nM
17,Tamarixetin,Protopine,10,0,5.452761047494123,nM
17,Tamarixetin,Protopine,10,1,2.3220023233812146,nM
17,Tamarixetin,Protopine,10,3,1.3616210960555253,nM
17,Tamarixetin,Protopine,10,10,5.496367300269985,nM
17,Tamarixetin,Protopine,10,30,8.973855699141522,nM
17,Tamarixetin,Protopine,10,100,30.824691513757106,nM
17,Tamarixetin,Protopine,10,300,57.61537658717894,nM
17,Tamarixetin,Protopine,10,1000,84.7668156003966,nM
17,Tamarixetin,Protopine,30,0,12.537295804961376,nM
17,Tamarixetin,Protopine,30,1,9.33536965998968,nM
17,Tamarixetin,Protopine,30,3,10.291629087023555,nM
17,Tamarixetin,Protopine,30,10,12.030267364784864,nM
17,Tamarixetin,Protopine,30,30,18.373561224306357,nM
17,Tamarixetin,Protopine,30,100,35.53525916179145,nM
17,Tamarixetin,Protopine,30,300,61.792563955671675,nM
17,Tamarixetin,Protopine,30,1000,87.36740666325963,nM
17,Tamarixetin,Protopine,100,0,32.72581014656078,nM
17,Tamarixetin,Protopine,100,1,34.01636400682019,nM
17,Tamarixetin,Protopine,100,3,33.04213502598883,nM
17,Tamarixetin,Protopine,100,10,36.879208424913585,nM
17,Tamarixetin,Protopine,100,30,36.78982233839361,nM
17,Tamarixetin,Protopine,100,100,49.75507005233824,nM
17,Tamarixetin,Protopine,100,300,70.77614160953236,nM
17,Tamarixetin,Protopine,100,1000,91.02938019456444,nM
17,Tamarixetin,Protopine,300,0,63.51780512455506,nM
17,Tamarixetin,Protopine,300,1,64.56149595300337,nM
17,Tamarixetin,Protopine,300,3,63.498444204446436,nM
17,Tamarixetin,Protopine,300,10,63.00326879818048,nM
17,Tamarixetin,Protopine,300,30,69.71641972750398,nM
17,Tamarixetin,Protopine,300,100,74.67374785574874,nM
17,Tamarixetin,Protopine,300,300,81.44361240141806,nM
17,Tamarixetin,Protopine,300,1000,92.55320530394448,nM
17,Tamarixetin,Protopine,1000,0,89.89755325923318,nM
17,Tamarixetin,Protopine,1000,1,87.57542429289701,nM
17,Tamarixetin,Protopine,1000,3,86.72091059543376,nM
17,Tamarixetin,Protopine,1000,10,91.51942430661859,nM
17,Tamarixetin,Protopine,1000,30,88.62560262094871,nM
17,Tamarixetin,Protopine,1000,100,90.85804202774773,nM
17,Tamarixetin,Protopine,1000,300,96.18123869319543,nM
17,Tamarixetin,Protopine,1000,1000,96.86332360311728,nM
18,Tamarixetin,Atractylon,0,0,0.13623444649113545,nM
18,Tamarixetin,Atractylon,0,1,0.47285625586893604,nM
18,Tamarixetin,Atractylon,0,3,1.7981229762886561,nM
18,Tamarixetin,Atractylon,0,10,-0.4914368902247688,nM
18,Tamarixetin,Atractylon,0,30,5.565546042025421,nM
18,Tamarixetin,Atractylon,0,100,13.429854011565165,nM
18,Tamarixetin,Atractylon,0,300,38.82100768694506,nM
18,Tamarixetin,Atractylon,0,1000,70.1994750664841,nM
18,Tamarixetin,Atractylon,1,0,-0.7937310170431808,nM
18,Tamarixetin,Atractylon,1,1,-0.7410915794636117,nM
18,Tamarixetin,Atractylon,1,3,-1.7840537314750835,nM
18,Tamarixetin,Atractylon,1,10,1.1604295956485615,nM
18,Tamarixetin,Atractylon,1,30,3.4313987533796593,nM
18,Tamarixetin,Atractylon,1,100,14.691031580314037,nM
18,Tamarixetin,Atractylon,1,300,35.495322260181844,nM
18,Tamarixetin,Atractylon,1,1000,68.09804652500006,nM
18,Tamarixetin,Atractylon,3,0,2.8430997084243046,nM
18,Tamarixetin,Atractylon,3,1,-0.026291799550193007,nM
18,Tamarixetin,Atractylon,3,3,1.5305007052446835,nM
18,Tamarixetin,Atractylon,3,10,4.6064419781333505,nM
18,Tamarixetin,Atractylon,3,30,6.611667215711624,nM
18,Tamarixetin,Atractylon,3,100,11.872309493996747,nM
18,Tamarixetin,Atractylon,3,300,35.42133940093003,nM
18,Tamarixetin,Atractylon,3,1000,72.62599938965687,nM
18,Tamarixetin,Atractylon,10,0,5.03681463835402,nM
18,Tamarixetin,Atractylon,10,1,4.202335443067323,nM
18,Tamarixetin,Atractylon,10,3,5.04501601010451,nM
18,Tamarixetin,Atractylon,10,10,-0.4079702246380923,nM
18,Tamarixetin,Atractylon,10,30,5.657888530308457,nM
18,Tamarixetin,Atractylon,10,100,12.427549917247902,nM
18,Tamarixetin,Atractylon,10,300,35.829318158223955,nM
18,Tamarixetin,Atractylon,10,1000,69.8250781251207,nM
18,Tamarixetin,Atractylon,30,0,11.382068624564347,nM
18,Tamarixetin,Atractylon,30,1,12.834234847681476,nM
18,Tamarixetin,Atractylon,30,3,12.188451478517937,nM
18,Tamarixetin,Atractylon,30,10,11.770992263789507,nM
18,Tamarixetin,Atractylon,30,30,12.649139938645206,nM
18,Tamarixetin,Atractylon,30,100,24.308138293647442,nM
18,Tamarixetin,Atractylon,30,300,42.39360837494777,nM
18,Tamarixetin,Atractylon,30,1000,69.229163009752,nM
18,Tamarixetin,Atractylon,100,0,32.875040512298526,nM
18,Tamarixetin,Atractylon,100,1,34.04260829018998,nM
18,Tamarixetin,Atractylon,100,3,31.20063560077057,nM
18,Tamarixetin,Atractylon,100,10,34.03792754883846,nM
18,Tamarixetin,Atractylon,100,30,38.23952695115785,nM
18,Tamarixetin,Atractylon,100,100,40.93540895444212,nM
18,Tamarixetin,Atractylon,100,300,56.3829063216065,nM
18,Tamarixetin,Atractylon,100,1000,79.5177018245892,nM
18,Tamarixetin,Atractylon,300,0,62.79836213164069,nM
18,Tamarixetin,Atractylon,300,1,63.81745551717347,nM
18,Tamarixetin,Atractylon,300,3,62.792587858113066,nM
18,Tamarixetin,Atractylon,300,10,64.4694777941152,nM
18,Tamarixetin,Atractylon,300,30,64.27496446968799,nM
18,Tamarixetin,Atractylon,300,100,71.114029087325,nM
18,Tamarixetin,Atractylon,300,300,76.84086627920043,nM
18,Tamarixetin,Atractylon,300,1000,90.91548384765126,nM
18,Tamarixetin,Atractylon,1000,0,85.98772680704221,nM
18,Tamarixetin,Atractylon,1000,1,88.49372392908593,nM
18,Tamarixetin,Atractylon,1000,3,89.71185731519596,nM
18,Tamarixetin,Atractylon,1000,10,90.02889573572543,nM
18,Tamarixetin,Atractylon,1000,30,87.64785516345742,nM
18,Tamarixetin,Atractylon,1000,100,89.74708209663224,nM
18,Tamarixetin,Atractylon,1000,300,92.72200620880551,nM
18,Tamarixetin,Atractylon,1000,1000,95.7204927703585,nM
19,Annomontine,Protopine,0,0,-0.9928355256156691,nM
19,Annomontine,Protopine,0,1,1.0370313413733763,nM
19,Annomontine,Protopine,0,3,-2.051391379684866,nM
19,Annomontine,Protopine,0,10,-1.7509505881804097,nM
19,Annomontine,Protopine,0,30,6.144042607104458,nM
19,Annomontine,Protopine,0,100,25.41103147933398,nM
19,Annomontine,Protopine,0,300,50.689409290839045,nM
19,Annomontine,Protopine,0,1000,86.65492679942614,nM
19,Annomontine,Protopine,1,0,0.12680698276144298,nM
19,Annomontine,Protopine,1,1,1.2389991501623197,nM
19,Annomontine,Protopine,1,3,-1.262142201798628,nM
19,Annomontine,Protopine,1,10,1.9113010710048755,nM
19,Annomontine,Protopine,1,30,10.894248518114729,nM
19,Annomontine,Protopine,1,100,28.66690876883681,nM
19,Annomontine,Protopine,1,300,56.61896008514775,nM
19,Annomontine,Protopine,1,1000,83.40005744823937,nM
19,Annomontine,Protopine,3,0,-0.06148421847869173,nM
19,Annomontine,Protopine,3,1,2.956225680969354,nM
19,Annomontine,Protopine,3,3,-0.7869172637722848,nM
19,Annomontine,Protopine,3,10,0.32681695970532054,nM
19,Annomontine,Protopine,3,30,7.136909222429965,nM
19,Annomontine,Protopine,3,100,26.896822977525556,nM
19,Annomontine,Protopine,3,300,53.27289390310537,nM
19,Annomontine,Protopine,3,1000,84.69413946185082,nM
19,Annomontine,Protopine,10,0,1.7903395787564074,nM
19,Annomontine,Protopine,10,1,1.4334225610276081,nM
19,Annomontine,Protopine,10,3,1.2093052935285775,nM
19,Annomontine,Protopine,10,10,4.937218924539939,nM
19,Annomontine,Protopine,10,30,9.383348272714976,nM
19,Annomontine,Protopine,10,100,22.758912608163676,nM
19,Annomontine,Protopine,10,300,59.051418881850275,nM
19,Annomontine,Protopine,10,1000,85.01046847909156,nM
19,Annomontine,Protopine,30,0,4.735462427680838,nM
19,Annomontine,Protopine,30,1,3.4971049610478517,nM
19,Annomontine,Protopine,30,3,3.964795290515917,nM
19,Annomontine,Protopine,30,10,0.9529442636824372,nM
19,Annomontine,Protopine,30,30,10.570724032996972,nM
19,Annomontine,Protopine,30,100,29.175430537829996,nM
19,Annomontine,Protopine,30,300,58.3790344576251,nM
19,Annomontine,Protopine,30,1000,83.15984331350532,nM
19,Annomontine,Protopine,100,0,10.928807971104002,nM
19,Annomontine,Protopine,100,1,13.524103774932847,nM
19,Annomontine,Protopine,100,3,15.480317765534314,nM
19,Annomontine,Protopine,100,10,20.013008798422202,nM
19,Annomontine,Protopine,100,30,18.544056496747544,nM
19,Annomontine,Protopine,100,100,36.73223434605822,nM
19,Annomontine,Protopine,100,300,63.50406775351379,nM
19,Annomontine,Protopine,100,1000,87.6330069874203,nM
19,Annomontine,Protopine,300,0,41.03454760384808,nM
19,Annomontine,Protopine,300,1,35.676196955970994,nM
19,Annomontine,Protopine,300,3,42.73355612520572,nM
19,Annomontine,Protopine,300,10,42.68864904968106,nM
19,Annomontine,Protopine,300,30,46.579584351736,nM
19,Annomontine,Protopine,300,100,53.942974589480244,nM
19,Annomontine,Protopine,300,300,72.7251322805428,nM
19,Annomontine,Protopine,300,1000,93.5023508490064,nM
19,Annomontine,Protopine,1000,0,74.62609157210754,nM
19,Annomontine,Protopine,1000,1,74.83546103907318,nM
19,Annomontine,Protopine,1000,3,73.49449819293156,nM
19,Annomontine,Protopine,1000,10,77.88233922589832,nM
19,Annomontine,Protopine,1000,30,73.32338697507322,nM
19,Annomontine,Protopine,1000,100,80.01945991865024,nM
19,Annomontine,Protopine,1000,300,89.56436688453813,nM
19,Annomontine,Protopine,1000,1000,95.76933768059635,nM
20,Annomontine,Atractylon,0,0,1.6177216812867257,nM
20,Annomontine,Atractylon,0,1,0.754530187631357,nM
20,Annomontine,Atractylon,0,3,2.9778060838683227,nM
20,Annomontine,Atractylon,0,10,0.3041858411766779,nM
20,Annomontine,Atractylon,0,30,2.897716926847086,nM
20,Annomontine,Atractylon,0,100,13.090583199539072,nM
20,Annomontine,Atractylon,0,300,31.404713548909015,nM
20,Annomontine,Atractylon,0,1000,72.41349007725695,nM
20,Annomontine,Atractylon,1,0,-1.884378271380303,nM
20,Annomontine,Atractylon,1,1,2.3205361860035914,nM
20,Annomontine,Atractylon,1,3,3.1056023987892094,nM
20,Annomontine,Atractylon,1,10,2.9344878665819336,nM
20,Annomontine,Atractylon,1,30,3.688902771050056,nM
20,Annomontine,Atractylon,1,100,11.357796779725406,nM
20,Annomontine,Atractylon,1,300,30.786617407401238,nM
20,Annomontine,Atractylon,1,1000,70.75735969102503,nM
20,Annomontine,Atractylon,3,0,-0.27612877815780623,nM
20,Annomontine,Atractylon,3,1,3.7433946940977365,nM
20,Annomontine,Atractylon,3,3,-0.17227422754452415,nM
20,Annomontine,Atractylon,3,10,2.387912076076158,nM
20,Annomontine,Atractylon,3,30,2.6914433022592013,nM
20,Annomontine,Atractylon,3,100,13.711804687304078,nM
20,Annomontine,Atractylon,3,300,34.549716251595676,nM
20,Annomontine,Atractylon,3,1000,69.349890442606,nM
20,Annomontine,Atractylon,10,0,-2.6964244979778647,nM
20,Annomontine,Atractylon,10,1,-0.27184671138597927,nM
20,Annomontine,Atractylon,10,3,1.02279330051164,nM
20,Annomontine,Atractylon,10,10,4.599946068661538,nM
20,Annomontine,Atractylon,10,30,4.93714202958628,nM
20,Annomontine,Atractylon,10,100,11.149452327108568,nM
20,Annomontine,Atractylon,10,300,39.06134116737843,nM
20,Annomontine,Atractylon,10,1000,70.68900213961305,nM
20,Annomontine,Atractylon,30,0,6.481661549277289,nM
20,Annomontine,Atractylon,30,1,2.4339624349829267,nM
20,Annomontine,Atractylon,30,3,-2.241451427973927,nM
20,Annomontine,Atractylon,30,10,3.522650462639789,nM
20,Annomontine,Atractylon,30,30,5.299607403651626,nM
20,Annomontine,Atractylon,30,100,16.873385456167014,nM
20,Annomontine,Atractylon,30,300,34.721680057828635,nM
20,Annomontine,Atractylon,30,1000,69.10030741406483,nM
20,Annomontine,Atractylon,100,0,13.09215067569258,nM
20,Annomontine,Atractylon,100,1,16.195362145591762,nM
20,Annomontine,Atractylon,100,3,14.172202206888745,nM
20,Annomontine,Atractylon,100,10,19.433756551069695,nM
20,Annomontine,Atractylon,100,30,20.263697764377852,nM
20,Annomontine,Atractylon,100,100,28.240557615078558,nM
20,Annomontine,Atractylon,100,300,44.99515624964851,nM
20,Annomontine,Atractylon,100,1000,74.95172217424539,nM
20,Annomontine,Atractylon,300,0,43.17919912707963,nM
20,Annomontine,Atractylon,300,1,39.73967155191548,nM
20,Annomontine,Atractylon,300,3,44.08183761550151,nM
20,Annomontine,Atractylon,300,10,41.80620732100066,nM
20,Annomontine,Atractylon,300,30,45.935072305207356,nM
20,Annomontine,Atractylon,300,100,53.42198485637983,nM
20,Annomontine,Atractylon,300,300,65.18847508732739,nM
20,Annomontine,Atractylon,300,1000,80.03921976675485,nM
20,Annomontine,Atractylon,1000,0,77.47449865409932,nM
20,Annomontine,Atractylon,1000,1,74.3771347566073,nM
20,Annomontine,Atractylon,1000,3,74.19768881902938,nM
20,Annomontine,Atractylon,1000,10,74.75151114171592,nM
20,Annomontine,Atractylon,1000,30,73.4369800039974,nM
20,Annomontine,Atractylon,1000,100,78.65943063011659,nM
20,Annomontine,Atractylon,1000,300,82.33241335401009,nM
20,Annomontine,Atractylon,1000,1000,94.6771614419328,nM
21,Protopine,Atractylon,0,0,0.6437499074867277,nM
21,Protopine,Atractylon,0,1,-5.216981995091645,nM
21,Protopine,Atractylon,0,3,-1.7596005470839362,nM
21,Protopine,Atractylon,0,10,-1.1680184820240542,nM
21,Protopine,Atractylon,0,30,1.8805672204391695,nM
21,Protopine,Atractylon,0,100,11.289430644272382,nM
21,Protopine,Atractylon,0,300,35.52946612600406,nM
21,Protopine,Atractylon,0,1000,69.32281548629412,nM
21,Protopine,Atractylon,1,0,-2.111357765414619,nM
21,Protopine,Atractylon,1,1,1.0477566913040293,nM
21,Protopine,Atractylon,1,3,2.1640273270017407,nM
21,Protopine,Atractylon,1,10,1.0299836488402105,nM
21,Protopine,Atractylon,1,30,5.798167567544541,nM
21,Protopine,Atractylon,1,100,13.622555669556316,nM
21,Protopine,Atractylon,1,300,34.064512085396274,nM
21,Protopine,Atractylon,1,1000,68.88642399890406,nM
21,Protopine,Atractylon,3,0,0.4761172160088989,nM
21,Protopine,Atractylon,3,1,1.6036888858989515,nM
21,Protopine,Atractylon,3,3,1.031905435171324,nM
21,Protopine,Atractylon,3,10,3.3530223442448186,nM
21,Protopine,Atractylon,3,30,6.094897863308299,nM
21,Protopine,Atractylon,3,100,11.023060548771696,nM
21,Protopine,Atractylon,3,300,33.085905338366096,nM
21,Protopine,Atractylon,3,1000,69.58643591542982,nM
21,Protopine,Atractylon,10,0,2.953348965166538,nM
21,Protopine,Atractylon,10,1,3.93001488275457,nM
21,Protopine,Atractylon,10,3,3.5539960016879713,nM
21,Protopine,Atractylon,10,10,4.171245413592219,nM
21,Protopine,Atractylon,10,30,3.3950596641691666,nM
21,Protopine,Atractylon,10,100,15.19573485571193,nM
21,Protopine,Atractylon,10,300,35.14918868572173,nM
21,Protopine,Atractylon,10,1000,71.11593178796271,nM
21,Protopine,Atractylon,30,0,9.076873494029432,nM
21,Protopine,Atractylon,30,1,5.9596219869575275,nM
21,Protopine,Atractylon,30,3,6.973852903322735,nM
21,Protopine,Atractylon,30,10,13.064179629575452,nM
21,Protopine,Atractylon,30,30,8.800995415773068,nM
21,Protopine,Atractylon,30,100,17.98070532378283,nM
21,Protopine,Atractylon,30,300,37.63584765036195,nM
21,Protopine,Atractylon,30,1000,68.95843732180455,nM
21,Protopine,Atractylon,100,0,26.971862440210092,nM
21,Protopine,Atractylon,100,1,23.63893943970304,nM
21,Protopine,Atractylon,100,3,23.87032034192461,nM
21,Protopine,Atractylon,100,10,24.025052854437323,nM
21,Protopine,Atractylon,100,30,21.764411256042067,nM
21,Protopine,Atractylon,100,100,35.971475250770396,nM
21,Protopine,Atractylon,100,300,50.201496902043345,nM
21,Protopine,Atractylon,100,1000,77.12051869078087,nM
21,Protopine,Atractylon,300,0,58.18794376154135,nM
21,Protopine,Atractylon,300,1,55.15661800852624,nM
21,Protopine,Atractylon,300,3,55.77625181985728,nM
21,Protopine,Atractylon,300,10,56.18072912370888,nM
21,Protopine,Atractylon,300,30,59.477123092999314,nM
21,Protopine,Atractylon,300,100,58.34207902244626,nM
21,Protopine,Atractylon,300,300,69.939205275517,nM
21,Protopine,Atractylon,300,1000,82.07051698072023,nM
21,Protopine,Atractylon,1000,0,84.10366890350176,nM
21,Protopine,Atractylon,1000,1,85.3589937153716,nM
21,Protopine,Atractylon,1000,3,83.23393857315541,nM
21,Protopine,Atractylon,1000,10,88.24450921933523,nM
21,Protopine,Atractylon,1000,30,86.580178773833,nM
21,Protopine,Atractylon,1000,100,90.04958904613193,nM
21,Protopine,Atractylon,1000,300,90.01752694564857,nM
21,Protopine,Atractylon,1000,1000,98.84922841662735,nM
