gene,log2FC,padj
SPRR2C,7.549,1.25e-155
S100A12,7.079,2.4300000000000002e-107
TCN1,6.396,3.18e-43
IGFL1,6.332,2.72e-72
GPR15LG,6.191,4.79e-113
KLK6,5.654,1.0099999999999999e-46
CXCL9,5.643,2.13e-34
LCE3D,5.413,2.41e-47
TMPRSS11D,5.275,3.34e-56
S100A7A,5.223,2.14e-19
DEFB4A,5.163,8.16e-17
CXCL10,5.102,2.65e-35
SERPINB4,5.086,6.73e-16
PI3,4.93,8.78e-26
LCN2,4.917,5.02e-34
ATP12A,4.871,4.6200000000000004e-32
AKR1B10,4.823,7.44e-57
GDA,4.804,1.1800000000000001e-73
KYNU,4.796,1.11e-68
SERPINB3,4.741,2.02e-26
MMP12,4.715,1.57e-27
SPRR2D,4.66,1.85e-27
KLK13,4.651,9.1e-51
ADAMDEC1,4.642,2.24e-41
OASL,4.638,6.79e-42
S100A9,4.62,4.21e-21
PRSS27,4.617,1.3e-57
HPSE,4.604,1.18e-85
OAS2,4.58,9.260000000000001e-43
IL36G,4.579,2.5999999999999997e-42
CXCL8,4.474,9.58e-18
SPRR2A,4.213,5.03e-37
SPRR2G,4.132,9.739999999999999e-30
EPSTI1,4.117,1.91e-42
RSAD2,4.097,5.48e-31
FCHSD1,4.041,4.78e-77
CXCL13,4.029,1.85e-21
TREX2,4.025,6.87e-35
KLHDC7B-DT,4.003,1.24e-36
LYZ,3.928,1.23e-18
RNASE7,3.868,1.47e-22
RHCG,3.841,5.65e-25
CHI3L2,3.821,6.1799999999999995e-28
CLEC7A,3.766,5.89e-44
IFI6,3.741,2.0199999999999997e-23
HERC6,3.715,7.52e-41
S100A7,3.705,2.7800000000000003e-21
OAS1,3.7,3.09e-41
MX1,3.663,9.87e-40
TYMP,3.639,7.02e-30
CMPK2,3.601,5.35e-38
IFI44L,3.574,3.85e-31
SPRR1A,3.568,5.14e-44
LTF,3.551,5.43e-13
CHRNA9,3.544,4.22e-46
DSC2,3.515,8.77e-20
HYAL4,3.513,2.79e-47
TMC5,3.501,3.1000000000000003e-43
SERPINB13,3.492,5.39e-24
VNN3P,3.484,1.2400000000000001e-29
CCL18,3.482,2.24e-12
APOBEC3A,3.461,4.34e-16
VNN1,3.457,7.83e-30
RGS20,3.436,2.66e-68
KLK8,3.42,1e-59
KRT9,3.411,5.1e-15
RTP4,3.407,1.6100000000000002e-32
CXCL1,3.403,3.8100000000000004e-21
IL19,3.337,8.47e-15
CD24P4,3.335,4.5600000000000005e-33
ISG15,3.319,1.6600000000000003e-27
KLHDC7B,3.314,3.09e-20
S100A8,3.312,1.54e-16
TGM3,3.299,2.4100000000000004e-35
BMAL2,3.294,7.59e-56
GDPD3,3.227,1.75e-66
STAT1,3.222,1.9300000000000002e-29
GZMB,3.21,5.33e-26
SLC26A9,3.21,1.0100000000000001e-29
IFI27,3.204,3.8900000000000003e-31
SLC6A14,3.197,2.14e-32
TK1,3.181,9.83e-47
TGM1,3.168,1.54e-45
TMPRSS4,3.162,3.21e-32
SLC5A1,3.142,1.9399999999999997e-34
CD2,3.122,9.020000000000001e-22
RRM2,3.12,7.1e-32
HTR3A,3.104,2.14e-13
CHAC1,3.092,1.3300000000000001e-21
CXCL11,3.064,8.93e-11
PCLAF,3.057,5.5399999999999995e-30
SLC7A11,3.037,2.26e-42
GABBR1,3.034,7.32e-18
HAL,3.018,7.36e-37
INA,3.015,6.979999999999999e-54
CCR7,3.012,8.26e-19
CCNB1,3.005,1.77e-33
CNFN,2.992,3.37e-48
MMP1,2.981,7.66e-13
FBXO45,2.978,4.28e-57
APOBEC3B,2.967,1.9400000000000002e-29
KRT16,2.964,1.14e-10
PRSS53,2.948,4.8e-22
SAMD9,2.946,4.3e-33
DLGAP5,2.945,1.0599999999999999e-34
IFIT3,2.937,1.14e-37
SPRR1B,2.921,1.64e-35
DHRS9,2.9,3.87e-18
IFI44,2.9,3.65e-21
PLBD1,2.891,1.45e-96
WFDC12,2.871,1.17e-17
PRKCQ,2.864,2.07e-21
CD274,2.85,2.5e-13
ARSF,2.847,2.02e-30
PRSS3,2.845,2.06e-45
OAS3,2.841,6.54e-22
OTUB2,2.823,1.28e-36
XDH,2.817,1.78e-16
CDKN3,2.815,2.0000000000000002e-29
LTB,2.785,1.64e-20
AIM2,2.776,3.15e-18
MKI67,2.774,6.57e-33
TNIP3,2.769,6.12e-12
TMEM86A,2.761,1.66e-47
LRP8,2.758,1.08e-47
ARG1,2.757,9.249999999999999e-24
CARHSP1,2.755,2.6399999999999998e-40
KRT6A,2.738,5.32e-19
ZDHHC21,2.736,1.54e-23
CD3D,2.721,1.16e-19
IL36RN,2.719,1.02e-40
LCK,2.718,5.86e-19
KRT6B,2.716,1.74e-15
LAMP3,2.716,1.4099999999999999e-24
ADAP2,2.715,8.159999999999999e-74
CDK5R1,2.713,1.61e-58
TRBC1,2.685,5.51e-18
SLAMF7,2.684,3.34e-36
GBP5,2.67,1.52e-19
GM2A,2.67,7.57e-12
GALNT6,2.669,3.0300000000000003e-21
PDZK1IP1,2.665,1.91e-39
PARP9,2.662,3.29e-41
TMEM45B,2.659,6.5400000000000004e-43
KLK10,2.644,7.86e-30
YIF1B,2.643,3.32e-32
ACP3,2.635,2.37e-46
IFIT1,2.625,6.67e-24
TYMS,2.623,3.59e-29
BIRC5,2.62,3.4599999999999998e-34
GK4P,2.618,1.2e-19
SPRR3,2.61,1.36e-11
BCL2A1,2.582,9.729999999999999e-30
LGALS2,2.58,4.06e-12
GJB2,2.566,1.31e-17
NDC80,2.545,6.11e-44
NLRX1,2.537,2.33e-34
CHAC2,2.534,1.3099999999999999e-42
PBK,2.533,1.13e-24
GGH,2.525,5.75e-57
CYSRT1,2.519,7.56e-50
AMMECR1,2.502,2.5e-14
SLC23A2,2.483,1.12e-14
CYP4F22,2.478,1.19e-38
SLURP2,2.475,1.09e-22
RIMS3,2.465,1.51e-28
HORMAD1,2.464,8.12e-09
HSD17B1,2.462,1.14e-32
ALDH3B2,2.46,6.31e-12
CENPN,2.455,6.749999999999999e-38
MAD2L1,2.447,2.34e-22
TTC39A,2.445,3.7100000000000004e-36
SELL,2.437,1.01e-08
FEN1,2.422,3.13e-32
TRIP13,2.422,3.1e-33
CDC20,2.412,6.21e-22
FLVCR2,2.412,1.93e-27
SPC25,2.408,4.5600000000000004e-29
APOL6,2.407,1.02e-19
MTFR2,2.389,1.0299999999999999e-38
ALOX12B,2.349,6.6e-27
UNC93A,2.349,7.6e-17
AURKA,2.346,1.93e-25
CDK1,2.343,1.14e-20
ASPM,2.341,2.4400000000000002e-21
PGLYRP4,2.337,1.53e-28
SH3PXD2A-AS1,2.313,1.01e-15
IL36A,2.311,1.7e-09
ESYT3,2.305,3.79e-31
CCL22,2.297,1.86e-14
CRABP2,2.29,2.19e-24
CCNA2,2.289,5.4800000000000004e-27
MELK,2.28,3.68e-33
C12orf56,2.278,1.2799999999999999e-28
GINS2,2.269,1.38e-24
CFAP251,2.268,4.35e-08
CCL13,2.259,1.17e-08
DNASE1L3,2.259,6.45e-31
NAPSB,2.255,6.45e-12
IFITM10,2.252,2.97e-25
MREG,2.246,9.010000000000001e-31
KRT78,2.245,1.44e-11
PPIF,2.239,3.39e-16
IL7R,2.232,2.38e-12
CD47,2.228,2.86e-56
GBP1,2.226,2.69e-29
KLHL18,2.225,4.42e-15
PRSS3P1,2.224,1.85e-40
AURKB,2.215,9.100000000000001e-32
POLR3G,2.21,1.55e-31
XAF1,2.206,6.84e-22
ZC3H12A,2.204,1.61e-10
GZMA,2.197,5.44e-14
KREMEN1,2.194,6.28e-22
PLA2G2F,2.192,3.98e-19
RAB27A,2.191,3.43e-29
OIP5,2.19,3.2e-29
SMPD3,2.184,2.6500000000000002e-33
CD24,2.178,6.49e-39
SDR9C7,2.175,9.73e-13
CENPE,2.168,5.06e-20
FAM43A,2.168,3.08e-41
TAP2,2.164,9.36e-18
PRR11,2.161,4.47e-27
CHEK1,2.16,8.95e-27
CYP2E1,2.151,1.74e-18
DDX60L,2.148,5.13e-28
STS,2.146,5.9e-19
CALHM6,2.143,3.29e-16
FABP5,2.132,2.38e-30
LYPD5,2.13,3.86e-17
TMEM54,2.13,9.41e-32
KIF4A,2.127,4.4299999999999996e-24
IVL,2.126,3.63e-13
ERAP2,2.125,1.01e-12
KIF2C,2.123,6.310000000000001e-21
PKP3,2.11,4.82e-13
BRIP1,2.107,2.56e-29
PYCARD,2.103,6.9300000000000005e-37
KLRB1,2.1,5.15e-18
SMOX,2.096,1.5600000000000002e-32
POLE2,2.094,1e-46
AFTPH-DT,2.093,1.5e-29
IDO1,2.082,5.18e-10
TPX2,2.081,1.43e-18
KIF20A,2.078,8.39e-20
PCGF5,2.078,8.11e-31
RAD51AP1,2.074,1.38e-26
LINC01094,2.073,6.34e-17
RAC2,2.067,1.41e-13
SPATA20,2.066,4.13e-30
HLA-DPA1,2.064,2.8e-11
KLK7,2.063,8.08e-19
ZWINT,2.048,1.07e-25
MMP9,2.043,5.6e-12
ATG9B,2.043,2.07e-17
CCNB2,2.043,5.21e-26
ATP10B,2.042,1.25e-26
CYP2C18,2.038,4.51e-18
ACP5,2.029,2.84e-38
UGT1A9,2.027,2.11e-08
SRD5A3,2.026,1.31e-40
TRIM14,2.019,6.1599999999999994e-30
TTK,2.019,4.77e-18
UBE2T,2.016,1.2e-20
CENPK,2.012,8.770000000000001e-21
CD48,2.008,5.49e-12
CD52,2.007,6.21e-13
MCM10,2.005,1.85e-16
GBP6,2.002,3.9e-13
OSBPL8,-2.001,8.66e-24
FASN,-2.006,1.76e-12
ZNF606,-2.007,2.54e-28
BACH2,-2.008,8.25e-28
GABARAPL1,-2.008,1.03e-28
IRF6,-2.011,7.99e-09
RGMA,-2.011,1.68e-21
CYP4B1,-2.012,6.31e-11
NR4A2,-2.014,1.78e-25
GATA3,-2.016,1.5e-20
P4HA1,-2.016,6.83e-21
ZNF415,-2.023,1.93e-30
FOXC1,-2.025,1.9000000000000003e-21
APOC1,-2.028,6.82e-19
FGF2,-2.028,1.05e-15
PDZRN4,-2.028,9.75e-12
DSG2,-2.03,2.83e-25
RGS1,-2.03,2.09e-08
IL37,-2.035,4.62e-12
INHBB,-2.035,1.07e-13
FERMT2,-2.037,2.95e-16
CHASERR,-2.038,7.42e-24
H2BC5,-2.042,1.38e-15
SERPINE1,-2.045,4.67e-11
BBS2,-2.046,6.37e-12
CAMK2N1,-2.046,1.26e-15
PMAIP1,-2.046,1.96e-18
RABGAP1L,-2.05,3.35e-12
HNRNPM,-2.051,9.98e-19
PPP1R15A,-2.051,1.42e-22
MALAT1,-2.058,6.56e-11
CAVIN2,-2.062,4.19e-15
ZBTB10,-2.064,9.450000000000001e-31
APOD,-2.068,5.05e-09
CYP1B1,-2.072,1.56e-07
PCDH9,-2.072,6.48e-13
ADRB1,-2.074,5.92e-16
FNBP1L,-2.077,2.5199999999999998e-42
ZC3H11A,-2.077,7.49e-15
IGFBP6,-2.081,3.19e-09
PDLIM3,-2.083,1.16e-19
FLT1,-2.085,3.87e-23
N4BP2L1,-2.085,4.13e-12
PRKAR2B,-2.088,9.04e-12
CLIC5,-2.089,1.6e-18
CHRM3,-2.09,4.33e-20
GLDC,-2.09,8.76e-15
IMMP2L,-2.09,3.0600000000000003e-21
PPP1R3C,-2.091,4.9e-14
UST,-2.093,3.02e-19
CCNL1,-2.096,5.52e-12
LYVE1,-2.099,5.64e-10
SORBS1,-2.103,3.85e-10
FBXO32,-2.105,3.39e-14
TBX3,-2.106,1.37e-14
PIK3R1,-2.107,3.3e-27
ATP1A2,-2.112,1.19e-11
UBN2,-2.113,6.22e-23
SLC26A2,-2.114,2.28e-19
KRT15,-2.116,4.39e-14
PALM2AKAP2,-2.117,7.65e-20
INSR,-2.12,1.96e-24
SOCS2,-2.121,3.82e-13
TALAM1,-2.125,3.31e-20
LARP6,-2.126,2.4e-24
ACKR1,-2.129,2.54e-13
ENPP5,-2.129,6.76e-26
IGHG2,-2.129,2.35e-05
MRAS,-2.129,2.68e-15
MAOA,-2.13,1.2800000000000001e-21
BCL6,-2.131,1.32e-14
BHLHE40,-2.135,1.05e-11
KMT2A,-2.136,1.0700000000000001e-29
VTCN1,-2.138,6.19e-12
KCNK5,-2.141,9.31e-20
TIMP3,-2.143,1.75e-16
SF1,-2.144,7.27e-13
EPCAM,-2.152,8.76e-19
TMEM213,-2.153,9.39e-18
ZNF677,-2.153,1.6100000000000002e-33
FKBP5,-2.16,1.05e-08
INSIG1,-2.165,7.78e-27
PHLDA1,-2.165,3.77e-13
RORC,-2.165,4.38e-23
IL6ST,-2.166,1.11e-18
SOCS3,-2.167,6.7e-12
FRYL,-2.168,2.5600000000000003e-21
GREM2,-2.168,2.35e-16
ROPN1,-2.17,8.01e-17
ADAMTS15,-2.171,7.31e-12
RSPO3,-2.177,4.67e-13
TNFAIP3,-2.179,1.1200000000000002e-21
GPRC5A,-2.186,1.04e-14
BHLHE41,-2.187,7.78e-16
HMGCS2,-2.187,1.83e-14
DAZ3,-2.188,4.95e-09
KLHL24,-2.189,1.36e-29
AKAP12,-2.19,4.92e-15
NFAT5,-2.194,5.99e-26
SAPCD1,-2.198,1.42e-16
BAG4,-2.2,1.25e-30
ZSCAN18,-2.204,2.21e-40
PLIN2,-2.206,1.29e-16
FXYD6,-2.211,8.580000000000001e-21
DDIT3,-2.215,4.8399999999999994e-30
MUC1,-2.215,6.17e-16
ZFP36L1,-2.217,1.25e-28
CCL27,-2.218,4.6e-11
DDX17,-2.219,1.83e-08
FAR2,-2.223,3.41e-09
SOX5,-2.224,2.4599999999999998e-30
CDC42BPA,-2.227,1.14e-14
IGFBP5,-2.227,4.65e-15
TF,-2.232,3.61e-08
SFRP1,-2.234,3.16e-16
SOX17,-2.239,1.1e-19
TM4SF1,-2.24,1.29e-12
KRT79,-2.246,9.07e-08
WDR33,-2.248,7.17e-27
CLSTN2,-2.251,1.42e-16
NAMPT,-2.252,3.17e-13
GPR146,-2.253,1.7799999999999998e-23
WIF1,-2.257,1.28e-07
DACT1,-2.258,2.28e-14
SEMA3G,-2.258,1.55e-23
BCAR3,-2.259,8.74e-41
MB,-2.263,1.2e-17
GRB14,-2.265,1.57e-14
H2AC8,-2.268,7.43e-14
CES1,-2.272,7.68e-14
ELAPOR1,-2.275,3.4300000000000004e-21
NR3C2,-2.275,4.9300000000000004e-26
VEGFA,-2.276,2.6e-12
NCALD,-2.28,1.13e-15
SPTBN1,-2.287,6.279999999999999e-23
LINC01140,-2.289,3.76e-10
SOD2,-2.29,2.23e-11
FAM13A,-2.295,6.81e-36
GPC6,-2.299,3.92e-15
SOX9,-2.299,2.01e-20
FGFBP2,-2.31,2.4e-15
MSMB,-2.316,6.19e-10
SPRY1,-2.318,2.9e-35
PADI2,-2.322,5.100000000000001e-21
ACSBG1,-2.324,1.69e-08
ABCA9,-2.325,9.11e-18
CA4,-2.328,4.23e-11
KRT18,-2.332,3.51e-10
LIFR,-2.334,4.44e-17
NFIL3,-2.339,5.27e-28
PRR15L,-2.342,1.56e-23
SEPTIN11,-2.348,7.580000000000001e-21
ADAMTS9,-2.349,1.27e-11
MEGF10,-2.355,4.6300000000000004e-21
OGN,-2.356,1.87e-12
BTNL9,-2.358,7.17e-19
THBS1,-2.361,6.99e-13
MMP7,-2.362,4.07e-14
SSPN,-2.363,1.46e-18
AOC3,-2.365,3.64e-11
TCIM,-2.366,1.0300000000000001e-22
HBP1,-2.371,5.290000000000001e-21
PDE9A,-2.373,5.850000000000001e-21
PLCB4,-2.374,1.0000000000000001e-29
FNIP1,-2.378,7.61e-16
CEACAM7,-2.387,1.14e-20
KLF9,-2.387,1.53e-28
PCK1,-2.388,8.69e-11
HES1,-2.39,6.9e-38
GALNT15,-2.396,4.57e-10
OSMR,-2.404,1.53e-15
ID4,-2.407,4.02e-24
CIDEC,-2.415,8.89e-08
PTGS2,-2.42,7.6e-11
RHOBTB3,-2.42,2.25e-23
ACTA2,-2.424,4.02e-16
MYBPC1,-2.428,1.36e-16
PPARG,-2.433,1.55e-14
LINC-PINT,-2.437,2e-27
GPAM,-2.442,2.33e-08
LPP,-2.442,1.4e-22
PPP1R3B,-2.443,2.86e-22
DDIT4,-2.444,1.56e-18
ADH1B,-2.451,7.24e-16
DNER,-2.458,1.5e-13
ZBTB20,-2.462,5.26e-24
KIF27,-2.467,4.1699999999999995e-30
SEC14L4,-2.484,1.77e-14
C11orf96,-2.498,3.28e-13
MOGAT1,-2.498,8.17e-18
ADAMTS1,-2.512,5.41e-18
SCN7A,-2.519,4.92e-25
LHX2,-2.523,1.91e-09
RASD1,-2.528,5.330000000000001e-32
RORA,-2.531,4.37e-10
ZNF667-AS1,-2.539,6.689999999999999e-24
H19,-2.541,1.23e-08
SCGB2A2,-2.543,5.74e-06
MFSD4A,-2.545,1.3e-20
ADM,-2.547,6.88e-26
SOX8,-2.548,9.81e-28
ELOVL3,-2.554,2.84e-08
DANT2,-2.562,3.0199999999999995e-23
AHNAK2,-2.572,3.29e-19
GRIA2,-2.573,1.92e-21
ESRRG,-2.586,8.26e-25
KLF2,-2.59,3.58e-40
SORBS2,-2.595,2.99e-17
SH3RF1,-2.601,2.89e-27
TSC22D3,-2.606,1.65e-21
PPFIBP1,-2.607,5.8e-40
ZBTB16,-2.611,2.37e-13
SPX,-2.612,2.51e-12
RGPD5,-2.627,1.8700000000000002e-37
TIAM2,-2.634,1.23e-43
PHYHIP,-2.636,5.07e-28
AGTR1,-2.642,5.06e-11
SCGB2A1,-2.647,1.64e-11
PLAAT3,-2.65,1.24e-11
C7,-2.662,5.72e-21
NEDD9,-2.684,8.85e-20
KRT19,-2.688,1.79e-10
ZFP36,-2.689,2e-27
PER1,-2.691,8.079999999999999e-23
RHOB,-2.706,4.64e-40
ACACB,-2.716,1.75e-22
G0S2,-2.742,1.39e-09
GADD45B,-2.752,2.9699999999999998e-30
GABRP,-2.768,3.38e-19
SNORD3B-2,-2.771,2.31e-14
FADS2,-2.78,1.5e-13
CD300LG,-2.788,2.28e-16
ATP6V0A4,-2.845,6.4e-28
WEE1,-2.85,2.66e-14
JUN,-2.853,2.28e-47
FADS1,-2.874,7e-13
SLC2A3,-2.879,1.38e-28
RHPN2,-2.887,9.62e-18
HSD11B1,-2.905,1.4600000000000001e-27
H2BC8,-2.916,1.51e-19
HAO2,-2.929,9.33e-19
THRSP,-2.941,2.06e-12
FABP4,-2.951,4.1e-09
SERHL,-3.047,3.79e-14
NR4A1,-3.048,1.42e-39
DUSP1,-3.064,4.39e-55
PIP,-3.072,5.89e-08
CDO1,-3.13,2.12e-15
WDR72,-3.134,3.98e-22
CYP4F8,-3.154,8.67e-23
TIMP4,-3.199,1.14e-13
SIK1,-3.214,5.6e-37
KRT7,-3.222,6.86e-17
EGR1,-3.233,6.29e-26
WFDC3,-3.237,7.030000000000001e-26
APOLD1,-3.277,5.04e-26
PPP1R1B,-3.278,6.6499999999999995e-25
GAL,-3.283,1.32e-10
PLIN1,-3.307,2.49e-09
SERHL2,-3.312,1.46e-16
PPARGC1A,-3.321,3.96e-34
PDK4,-3.344,9.170000000000001e-21
GPD1,-3.352,5.23e-15
TLCD4,-3.359,5.36e-26
PM20D1,-3.361,2.7e-12
ADIPOQ,-3.362,9.57e-09
CCN1,-3.396,2.69e-26
BTC,-3.409,6.06e-14
DEPP1,-3.463,6.58e-19
ATF3,-3.475,2.0899999999999997e-23
RBP4,-3.511,2.33e-10
NR1D1,-3.56,3.97e-24
ADRB2,-3.568,4.69e-41
HSD3B1,-3.592,1.33e-19
SCGB1D2,-3.613,7.08e-12
CLDN8,-3.679,2.4e-50
PPP1R1A,-3.77,7.57e-18
STC1,-3.796,1.2699999999999999e-24
LPL,-3.814,3.67e-16
KRT77,-3.871,1.39e-38
ACVR1C,-3.952,5.39e-19
IL6,-4.328,4.54e-20
MUC7,-4.423,1.1500000000000002e-47
FOSB,-4.455,2.74e-22
CYP1A1,-4.622,3.76e-17
FOS,-4.924,8.19e-35
