gene,log2FC,padj,baseMean,log2FC_pseudobulk,lfcSE,stat,pvalue,padj_pseudobulk,same_direction
S100A12,7.079,2.4300000000000002e-107,324.5415871357165,10.072770058886135,0.8767723746706132,11.48846650496976,1.5076441912188184e-30,1.3418033301847484e-27,True
TCN1,6.396,3.18e-43,869.5635324224108,8.990773909786299,0.7285832884661105,12.340077040079539,5.510313285235525e-35,6.923546574860637e-32,True
IGFL1,6.332,2.72e-72,750.8396695348445,7.105963516409636,0.6423883964921726,11.061786849221553,1.922293045597481e-28,1.3686726484654066e-25,True
GPR15LG,6.191,4.79e-113,3050.6748764539107,5.220640176561347,0.3468993154540372,15.049439257982801,3.4817292615942195e-51,1.4873947405530506e-47,True
KLK6,5.654,1.0099999999999999e-46,63.045851413722865,2.1093097963121332,0.6442410778815654,3.274100129175402,0.0010599904386031343,0.005179912095301521,True
CXCL9,5.643,2.13e-34,37.62447811932823,3.5927448701270457,0.7458770338513271,4.816805863529476,1.4587448859419519e-06,2.126879915612293e-05,True
LCE3D,5.413,2.41e-47,288.647492263931,3.414312795525312,0.7086986694366623,4.817721470028039,1.4520687673469074e-06,2.11859213596516e-05,True
TMPRSS11D,5.275,3.34e-56,206.43790798143155,8.49254383546166,0.8582059786599415,9.895694095166371,4.3458518036520797e-23,2.2101760601430575e-20,True
S100A7A,5.223,2.14e-19,2438.4985614595407,9.842127022369791,0.6739292590293592,14.604095148718013,2.644702608228584e-48,8.070121101680365e-45,True
DEFB4A,5.163,8.16e-17,3326.502078463641,12.476533086933948,0.8373113168271386,14.900709970351095,3.26095916284842e-50,1.1609014619740376e-46,True
CXCL10,5.102,2.65e-35,292.3433030509772,4.08421127735066,0.7525724808522263,5.427000563089454,5.7308947611345335e-08,1.334917252975285e-06,True
SERPINB4,5.086,6.73e-16,14588.757599166733,9.988629064713065,0.727265365128201,13.734503997660179,6.308662546239488e-43,1.2250275635243223e-39,True
PI3,4.93,8.78e-26,19596.333390426385,8.209061480978384,0.5178880492295456,15.851034780954848,1.3828493087631196e-56,9.845887078393411e-53,True
LCN2,4.917,5.02e-34,868.0256766122194,4.81957577769991,0.7208613214234976,6.685857091323208,2.295769801225948e-11,1.4338492091867323e-09,True
ATP12A,4.871,4.6200000000000004e-32,30.954584321903145,2.118530125495246,1.0664747820187557,1.986479344110725,0.04698012417831003,0.10883898616580286,True
AKR1B10,4.823,7.44e-57,1853.7482138172309,6.021842675221644,0.4289249699369945,14.039384734598695,8.948614657548225e-45,1.911424090852301e-41,True
GDA,4.804,1.1800000000000001e-73,99.032591261285,6.411531503838954,0.6121595678459275,10.473627858827573,1.1418139584076768e-25,7.173278279878816e-23,True
KYNU,4.796,1.11e-68,786.4333517162414,4.761411390362071,0.5132172698885956,9.277574371952905,1.7338057168017217e-20,6.3851879501525475e-18,True
SERPINB3,4.741,2.02e-26,7657.974657762307,5.569774000726316,0.5823141873123437,9.56489490052349,1.1231553442099283e-21,4.704038853396876e-19,True
MMP12,4.715,1.57e-27,23.311650752631007,3.0189019314595624,0.9630888130140546,3.134603881454811,0.001720863119579868,0.007744971815049721,True
SPRR2D,4.66,1.85e-27,11237.886834331557,5.601615167686572,0.5484423398005902,10.213681113174594,1.7220499689483232e-24,9.941347928847617e-22,True
KLK13,4.651,9.1e-51,183.89632971474083,2.532474381959569,0.3888157761973688,6.513301509334968,7.351673275482106e-11,3.895908204022061e-09,True
ADAMDEC1,4.642,2.24e-41,110.32951447239272,8.903906255973801,1.1726082034188767,7.593249160302153,3.1198181858755624e-14,3.874378863389652e-12,True
OASL,4.638,6.79e-42,206.11065210714676,1.115783175487453,0.390966525117936,2.8539097436816987,0.004318479838944635,0.01639287886260128,True
S100A9,4.62,4.21e-21,281504.2785895422,9.736212544126419,0.4687661769307938,20.769869976271398,8.107746501300435e-96,1.7318146526777727e-91,True
PRSS27,4.617,1.3e-57,137.14962741933337,2.440889247513765,0.356584810357112,6.845185707908498,7.63767260821608e-12,5.402009500380643e-10,True
HPSE,4.604,1.18e-85,189.3692843285359,1.2708383127010512,0.4012942139246113,3.166849330500927,0.0015410013741267074,0.0070817102735254885,True
OAS2,4.58,9.260000000000001e-43,342.24851782697556,3.169158320998407,0.5314975076141863,5.962696486055578,2.4810902576402507e-09,8.706252475569198e-08,True
IL36G,4.579,2.5999999999999997e-42,4411.214749612716,5.485313507137761,0.5197132184916339,10.554500659147772,4.8420724259232633e-26,3.134141424779421e-23,True
CXCL8,4.474,9.58e-18,3305.101958838492,0.7747928411361228,0.5277611053189296,1.4680749174721965,0.1420838739674263,0.25405253205627204,True
SPRR2A,4.213,5.03e-37,16014.884371749647,9.907584307001027,0.6472653880707111,15.306834707371475,6.883321542178701e-53,3.675693703523426e-49,True
SPRR2G,4.132,9.739999999999999e-30,1854.7849320146515,4.926824296777966,0.6942565592844274,7.096546991008713,1.2791246801876175e-12,1.1061580230286441e-10,True
EPSTI1,4.117,1.91e-42,457.16719848946764,3.333041761913602,0.4512698525262264,7.385917191797996,1.5140600667779417e-13,1.6251418606219513e-11,True
RSAD2,4.097,5.48e-31,201.09621270680893,2.790898499680488,0.41749211088382376,6.684913144280027,2.310616447403481e-11,1.438914499024442e-09,True
FCHSD1,4.041,4.78e-77,97.33265953057267,-0.04946137602061224,0.2687813514858079,-0.1840208621141035,0.8539970887992329,0.9047404928455318,False
CXCL13,4.029,1.85e-21,75.32130775557263,7.274276420851663,0.9928570322232461,7.326610161145564,2.360471728950445e-13,2.422057384260674e-11,True
TREX2,4.025,6.87e-35,15.930694904188359,1.0933938653769706,0.7015482108733094,1.5585441576650583,0.11910430882181809,0.22255865947284004,True
KLHDC7B-DT,4.003,1.24e-36,175.59010239602037,4.425828309215536,0.4286824129493335,10.324259114727502,5.4739760265240305e-25,3.2478924424042582e-22,True
LYZ,3.928,1.23e-18,1321.4378065171334,0.9412897510686663,0.6730185420880452,1.3986089419591734,0.16193028340706161,0.2792532579989372,True
RNASE7,3.868,1.47e-22,50.618432561819944,-0.8961197022417284,0.834328386942807,-1.0740611445876134,0.28279527781977853,0.42253127687678155,False
RHCG,3.841,5.65e-25,1730.442184201059,7.130150415095625,0.6356532976628669,11.217043066261667,3.3632869862939983e-29,2.660733704712585e-26,True
CHI3L2,3.821,6.1799999999999995e-28,607.5342025619799,4.056602457056011,0.44277761025145973,9.16171541454458,5.107879266282063e-20,1.7597467923836268e-17,True
CLEC7A,3.766,5.89e-44,550.8560146039076,3.1106577850148236,0.3747359654798691,8.300932046998645,1.0329776740360852e-16,2.1013717254676934e-14,True
IFI6,3.741,2.0199999999999997e-23,5595.394090197968,3.3979331947294837,0.4812796511934454,7.060205405118446,1.6625666024921531e-12,1.39264402467578e-10,True
HERC6,3.715,7.52e-41,444.6479178063169,3.060448358264287,0.43460270466533346,7.041945034881894,1.8957461588689825e-12,1.569501471063623e-10,True
S100A7,3.705,2.7800000000000003e-21,157939.53081114322,8.549418222167379,0.6018318090557233,14.205660275055008,8.450241842489308e-46,2.005524063950796e-42,True
OAS1,3.7,3.09e-41,778.0961572319679,2.5912456772934966,0.3655919385154779,7.08780857645687,1.3625225297371733e-12,1.1595012444297219e-10,True
MX1,3.663,9.87e-40,1677.7388097223281,3.1980773079949425,0.47228897293366595,6.771441831745074,1.2750522539718483e-11,8.591519288592643e-10,True
TYMP,3.639,7.02e-30,8437.679235905523,3.3473771927333233,0.29480727108333593,11.35445940811646,7.047444542464598e-30,5.7897467471939924e-27,True
CMPK2,3.601,5.35e-38,143.08703418377831,2.5300322578503938,0.5304972240088763,4.7691715306846945,1.8498510032978982e-06,2.597185458389675e-05,True
IFI44L,3.574,3.85e-31,805.8461390584744,2.971151946637613,0.5467113745118648,5.434589593623194,5.492269582871711e-08,1.2877593665218413e-06,True
SPRR1A,3.568,5.14e-44,220.114992760786,3.5020837911781686,0.9401281542717026,3.725113193627478,0.00019522759925041393,0.0012758027953646894,True
LTF,3.551,5.43e-13,803.2075507335784,8.648260886303351,1.0573044252348403,8.179537207916695,2.849360810398457e-16,5.4341381169742005e-14,True
CHRNA9,3.544,4.22e-46,0.8508008310049746,0.936079278004274,1.6187892973461055,0.5782588750363695,0.5630893550944412,0.6852268099986645,True
DSC2,3.515,8.77e-20,2162.772511561117,2.3797071830903156,0.42124258020718075,5.649256022313552,1.6114371039584457e-08,4.418820444053149e-07,True
HYAL4,3.513,2.79e-47,14.891541828481468,4.217475431213558,0.7233016061003568,5.830866951826443,5.514013778297008e-09,1.75790051200633e-07,True
TMC5,3.501,3.1000000000000003e-43,17.461962786431727,-2.657590461812561,0.5131256603658156,-5.179219569564932,2.228160882438885e-07,4.273625573483524e-06,False
SERPINB13,3.492,5.39e-24,839.0101005024032,3.3575884091995176,0.40543825225019636,8.281380433555013,1.2175554252037965e-16,2.4305592413414107e-14,True
VNN3P,3.484,1.2400000000000001e-29,61.4850775701097,7.289734941762042,0.8937761915593265,8.156107771279974,3.4599374142935433e-16,6.48283010257106e-14,True
CCL18,3.482,2.24e-12,31.329319974762754,1.328100849174573,0.7507248780100625,1.7690912983927667,0.07687863981202697,0.1594298782897957,True
APOBEC3A,3.461,4.34e-16,1933.8703264959745,5.511263182611796,0.6914521598328227,7.970563262025667,1.5795278295774942e-15,2.656591688171282e-13,True
VNN1,3.457,7.83e-30,141.9828568153989,6.408373956450853,0.6067597793179883,10.561632749708641,4.487868317326386e-26,2.995652101815363e-23,True
RGS20,3.436,2.66e-68,119.21925171880633,2.378660231717029,0.30415174939313194,7.820636364785418,5.255696341013787e-15,7.961820840003865e-13,True
KLK8,3.42,1e-59,1615.5785541022342,0.07383425841543435,0.43951399922126166,0.16799068640874953,0.866590606123032,0.9131456438650271,True
KRT9,3.411,5.1e-15,43.46463328419601,1.0537252754717283,0.5625507468812578,1.8731203919175434,0.06105176205024165,0.13313584863636155,True
RTP4,3.407,1.6100000000000002e-32,146.92219284055864,3.4009466884162336,0.4019017661864428,8.462134219232393,2.625281188324333e-17,6.029678084151371e-15,True
CXCL1,3.403,3.8100000000000004e-21,847.6879319884861,1.4804570061408675,0.35561481172292553,4.163091517386947,3.139674531758453e-05,0.0002759812674829652,True
IL19,3.337,8.47e-15,66.87505996629837,7.3956159460004285,0.9333094405864556,7.924077079251774,2.2984702344757724e-15,3.7477346723971377e-13,True
ISG15,3.319,1.6600000000000003e-27,2419.2896707349128,2.304122566594082,0.49688773132577274,4.637108991293323,3.5331612934288214e-06,4.462940581173248e-05,True
KLHDC7B,3.314,3.09e-20,47.308841355981414,3.7321091925012686,0.6709038208399156,5.562808075573305,2.654678032479158e-08,6.815375333383992e-07,True
S100A8,3.312,1.54e-16,254534.74674369497,8.317955777960801,0.5713582978686811,14.558212961969742,5.179412377259856e-48,1.3829031047283816e-44,True
TGM3,3.299,2.4100000000000004e-35,448.30349977605124,-0.07794373740065877,0.5159492630543959,-0.15106860883807727,0.8799215947873114,0.9221885709561342,False
BMAL2,3.294,7.59e-56,278.08047754163096,1.433012781715941,0.2532258474083013,5.659030451995493,1.522305447988316e-08,4.2150200059677993e-07,True
GDPD3,3.227,1.75e-66,142.0785612119197,1.2560052879545347,0.34608308442856356,3.6292016121746973,0.00028429914172397203,0.001747016590110484,True
STAT1,3.222,1.9300000000000002e-29,1506.3523603767237,2.02908317611408,0.3259248003907414,6.225617607747166,4.796626777913389e-10,2.0409551389687246e-08,True
GZMB,3.21,5.33e-26,107.01505658721817,1.1653037322178108,0.592481983894585,1.9668171588237575,0.04920429366757745,0.11274444461912188,True
SLC26A9,3.21,1.0100000000000001e-29,27.87988713253246,1.8526511839422446,0.6069846838226823,3.052220646284803,0.002271550578880988,0.009741080177654668,True
IFI27,3.204,3.8900000000000003e-31,42107.018356407694,3.936039692133691,0.39505363488140127,9.96330458600976,2.2060552768973816e-23,1.2082395055007198e-20,True
SLC6A14,3.197,2.14e-32,67.70352184017787,1.6209306855849455,0.7088973219394106,2.2865521358585217,0.02222197772426374,0.06058218815447013,True
TK1,3.181,9.83e-47,622.3629101057049,2.3084011704923477,0.4839679245146948,4.769740004582179,1.8446384727016752e-06,2.595617771864808e-05,True
TGM1,3.168,1.54e-45,598.4754985972752,1.454682106023354,0.4214888427327791,3.45129445560582,0.0005579045295404811,0.003041562213115027,True
TMPRSS4,3.162,3.21e-32,108.1912575655313,3.1892998826397765,0.3566521826860993,8.942325429273424,3.810654823370812e-19,1.179646188800008e-16,True
SLC5A1,3.142,1.9399999999999997e-34,228.13676783623814,0.6542702512008581,0.4955651206321402,1.3202508085441416,0.18675129337502083,0.31059553649057103,True
CD2,3.122,9.020000000000001e-22,227.83690050547705,-0.3336142964615934,0.4973073249535777,-0.6708413082247188,0.5023216290265562,0.6335748447598015,False
RRM2,3.12,7.1e-32,301.85503529916565,2.7660764031727623,0.482158948277875,5.736855891718582,9.645025526161108e-09,2.8416240722593277e-07,True
HTR3A,3.104,2.14e-13,5.491831980747562,3.2624430503821724,1.1117394272451089,2.9345393087897484,0.0033404323903972123,0.013376759628587262,True
CHAC1,3.092,1.3300000000000001e-21,33.01092705320595,1.1013199339657682,0.3942249995522175,2.7936329132264777,0.00521196056226405,0.019071971510077453,True
CXCL11,3.064,8.93e-11,32.027334511178715,4.849432037337882,0.832271013676617,5.826746285341799,5.651843556679274e-09,1.791148047042571e-07,True
PCLAF,3.057,5.5399999999999995e-30,882.2550914091279,3.075391241251425,0.4925808321659077,6.243424511117787,4.28092964781403e-10,1.8435616386553968e-08,True
SLC7A11,3.037,2.26e-42,105.03496650725519,0.9187664912189423,0.34390027391305455,2.671607326056467,0.00754889277722397,0.02577023329415119,True
GABBR1,3.034,7.32e-18,126.97673363206712,-0.8110199278823165,0.25901441412872006,-3.131176813500701,0.001741073014806548,0.007821097706891243,False
HAL,3.018,7.36e-37,219.89578333320495,0.6537610812569326,0.5600844521030881,1.1672544717177804,0.2431076188742326,0.3777390513678336,True
INA,3.015,6.979999999999999e-54,60.112284979444865,1.9812230583854908,0.5035583236355383,3.934446052011734,8.33887954096217e-05,0.0006267363370687964,True
CCR7,3.012,8.26e-19,124.28544761175267,0.8041243146618519,0.7179576630712423,1.1200163408271322,0.26270679869699354,0.3997206496195314,True
CCNB1,3.005,1.77e-33,408.0759251243562,1.3989316939889203,0.3721249999559955,3.7593058626922313,0.0001703854324810185,0.001138746194553991,True
CNFN,2.992,3.37e-48,7034.431724104595,1.4698869955658411,0.43270304300327456,3.3969878865740206,0.0006813198289565544,0.0035906714893935363,True
MMP1,2.981,7.66e-13,26.002041764943556,1.9596982887306589,0.8180804533362889,2.3954835746761014,0.01659845790927725,0.04827010912710486,True
FBXO45,2.978,4.28e-57,369.21778850195346,0.14637955124286814,0.22902000649616594,0.6391561745297509,0.5227213391159558,0.6515333957820397,True
APOBEC3B,2.967,1.9400000000000002e-29,81.17336022385906,1.3044725536484902,0.5855518663019779,2.227766025043722,0.025896121562072855,0.06814600918638367,True
KRT16,2.964,1.14e-10,50010.82665889326,5.582124934210885,0.46803222721588067,11.926796082860594,8.581306633212751e-33,9.164835484271218e-30,True
PRSS53,2.948,4.8e-22,21.590715003437825,1.3199539358288421,0.5542065788936562,2.381700228935971,0.017232919384758634,0.04971535804452243,True
SAMD9,2.946,4.3e-33,361.43572336613323,0.8251408354438079,0.335101994153786,2.4623572817806982,0.01380270934768304,0.04167739209308874,True
DLGAP5,2.945,1.0599999999999999e-34,104.97864306641286,1.0209545479000577,0.5663896857232567,1.8025655721402132,0.0714564679699823,0.1503753848117066,True
IFIT3,2.937,1.14e-37,565.2255194880748,1.832355397422245,0.4376003391092438,4.187280570102142,2.8231674578540367e-05,0.00025273619823873526,True
SPRR1B,2.921,1.64e-35,15949.477478369752,3.8503882840764847,0.44427143060288043,8.66674744052633,4.4463977633858e-18,1.144277785854466e-15,True
DHRS9,2.9,3.87e-18,23.175749291351266,-0.43560293574324316,0.5964709955851106,-0.7303002810990611,0.46520665645127657,0.6009604095091676,False
IFI44,2.9,3.65e-21,922.3757196811616,3.085578051692393,0.4272179161283368,7.222492164316164,5.104334666375083e-13,4.8673476997219544e-11,True
PLBD1,2.891,1.45e-96,734.3661897754143,1.6215735889180278,0.21057441956369047,7.7007149884488495,1.3530698186951072e-14,1.817708888511163e-12,True
WFDC12,2.871,1.17e-17,47.68775018488032,1.482442853072412,0.6333850022701948,2.3405082971005036,0.01925751051283499,0.05417363684369226,True
PRKCQ,2.864,2.07e-21,34.973668752937236,1.9232928753932297,0.5061437205828461,3.799894767396257,0.00014475754480744262,0.0009938994397579474,True
CD274,2.85,2.5e-13,78.3620021689863,2.6916908849492334,0.42482799437096813,6.335954599542694,2.3587624290227176e-10,1.095286206172288e-08,True
ARSF,2.847,2.02e-30,121.27685196932644,3.5683205136145975,0.5386039070511052,6.6251292775639286,3.469444060970167e-11,2.041524108603933e-09,True
PRSS3,2.845,2.06e-45,2545.6098095380944,2.079629743029201,0.41275277812742545,5.038439117149142,4.6934366467818624e-07,8.020144542020847e-06,True
OAS3,2.841,6.54e-22,530.970118182652,2.5517179974736215,0.32569096552755156,7.834782869522861,4.6965360233504724e-15,7.165572104197578e-13,True
OTUB2,2.823,1.28e-36,60.15973951880098,1.5059515521186426,0.40104708603789224,3.7550492312425265,0.0001733074092906935,0.0011550222347735456,True
XDH,2.817,1.78e-16,29.202913422906683,1.7177268464497044,0.47387658165707414,3.6248401228080858,0.00028914026594557883,0.0017721767806592721,True
CDKN3,2.815,2.0000000000000002e-29,337.0534046945553,1.5141549022188383,0.44835645603783447,3.3771230052078622,0.0007324828600727631,0.0038197836648325733,True
LTB,2.785,1.64e-20,492.0542167770844,0.6255552277265918,0.4854199081822472,1.2886888592375818,0.19750627713595525,0.32424364611667084,True
AIM2,2.776,3.15e-18,27.898629272935327,3.1264177079037254,0.5434823862971008,5.752564916049798,8.78994979422064e-09,2.6295984258340737e-07,True
MKI67,2.774,6.57e-33,400.7235235151095,1.562367662784755,0.530870022845179,2.9430323724276253,0.0032501443005051593,0.013074026790732619,True
TNIP3,2.769,6.12e-12,127.03279721204018,5.737474995434754,0.5770713864552987,9.94240076722153,2.7218681961399213e-23,1.44271277906394e-20,True
TMEM86A,2.761,1.66e-47,40.62875626368952,0.4531311037606677,0.3961605839625463,1.143806633230093,0.2527038383211654,0.3886767540719348,True
LRP8,2.758,1.08e-47,63.20731339049948,1.8425554457685156,0.26855843433434107,6.86091073749198,6.842291004887015e-12,4.932541056619209e-10,True
ARG1,2.757,9.249999999999999e-24,344.6621187882388,0.5450940762958416,0.6149154719188239,0.8864536691439772,0.3753731097072819,0.5178891157302948,True
CARHSP1,2.755,2.6399999999999998e-40,2211.7733721538557,2.297232156021714,0.19762908020389403,11.623958142453825,3.1136881265033335e-31,3.1670656372433905e-28,True
KRT6A,2.738,5.32e-19,63234.5406566568,7.08571531898451,0.5647656486073234,12.546293026952755,4.165587837636098e-36,5.9317970807938035e-33,True
ZDHHC21,2.736,1.54e-23,374.70771722095554,0.037949115282450534,0.2631649621830388,0.14420276532122778,0.885340357359735,0.92568750468471,True
CD3D,2.721,1.16e-19,318.9659137701414,0.4051620202354604,0.4356813307198284,0.9299503826938275,0.35239677499393185,0.4942996528677689,True
IL36RN,2.719,1.02e-40,601.0284269062176,1.364773934904133,0.4212380564541992,3.2399112900487035,0.0011956689162164727,0.005719930134464469,True
LCK,2.718,5.86e-19,120.29454982672547,0.37597787623111245,0.46113332069382595,0.8153344366124146,0.41488090209510886,0.5537621738893661,True
KRT6B,2.716,1.74e-15,17742.36845684565,4.886297242410855,0.7276359177329108,6.7153051729978515,1.876730267770305e-11,1.2002083389093927e-09,True
LAMP3,2.716,1.4099999999999999e-24,182.12342832898378,1.8800873891564125,0.360459855083139,5.215802433041471,1.8302317170479449e-07,3.6434062885502424e-06,True
ADAP2,2.715,8.159999999999999e-74,342.1287494304072,2.1488051004580115,0.2601139709672392,8.261013787408784,1.4444039960866394e-16,2.8305017758174878e-14,True
CDK5R1,2.713,1.61e-58,78.65400314593516,0.8770824997215063,0.2680236716075406,3.272406852950635,0.0010663600351128017,0.005205770957278581,True
TRBC1,2.685,5.51e-18,230.38340190902272,-0.17553782475972318,0.5145672430572016,-0.34113680403905855,0.7330005956047638,0.8166115225639052,False
SLAMF7,2.684,3.34e-36,60.1081328817204,0.2675989172745531,0.43766053243430797,0.6114303151489201,0.540914738355105,0.667510474970538,True
GBP5,2.67,1.52e-19,62.96366962686859,0.29144949741036036,0.5225510519369723,0.557743585684167,0.5770194903854966,0.695627966736325,True
GM2A,2.67,7.57e-12,1120.1777420511025,1.4298457878346615,0.2794905508193866,5.115900282291338,3.12248000089232e-07,5.710288768755133e-06,True
GALNT6,2.669,3.0300000000000003e-21,352.1811695164879,2.1709545642905534,0.2740032791303771,7.923097019789909,2.316666740800382e-15,3.7487879987497085e-13,True
PDZK1IP1,2.665,1.91e-39,4818.793393513417,2.811459720818899,0.3202264115139526,8.779599744839912,1.6405744141989247e-18,4.610877564116977e-16,True
PARP9,2.662,3.29e-41,590.0181666878854,1.8623417644469817,0.2978648042146588,6.252305536255535,4.0443717734990616e-10,1.748740507731578e-08,True
TMEM45B,2.659,6.5400000000000004e-43,456.0366939711092,1.626051807282448,0.37246307614926694,4.3656724958980835,1.2673224406244008e-05,0.00012939774059147802,True
KLK10,2.644,7.86e-30,1118.2790566756057,2.005104160685421,0.2985471712160744,6.716205524634569,1.8651767342485842e-11,1.1964016529594523e-09,True
YIF1B,2.643,3.32e-32,446.9457257700653,1.0684546857927841,0.2107483187744298,5.0698135672265225,3.982055718970042e-07,6.986165164372561e-06,True
ACP3,2.635,2.37e-46,254.22866248149612,0.2757003744204263,0.4189611325661946,0.6580571632784252,0.5105014002110589,0.6410529046742045,True
IFIT1,2.625,6.67e-24,561.9669882582987,1.9574594706772965,0.43990699186687193,4.449712113849916,8.598547038863889e-06,9.4917294444513e-05,True
TYMS,2.623,3.59e-29,355.92376184857034,1.4151545262091911,0.3807635061933217,3.716623319175675,0.00020190311471122212,0.0013120324095624292,True
BIRC5,2.62,3.4599999999999998e-34,402.16647092726237,1.8246074479373604,0.48457936542369656,3.7653428481049693,0.0001663207061854947,0.0011161201018291445,True
SPRR3,2.61,1.36e-11,8.059650383228128,2.535527416918132,1.1847766914360323,2.1400888751827956,0.032347584969842094,0.08139291023157347,True
BCL2A1,2.582,9.729999999999999e-30,274.32305527814964,0.04681625034157289,0.500743529975194,0.09349347028785791,0.9255115369303228,0.951841097248156,True
LGALS2,2.58,4.06e-12,158.5221919799854,0.8425225304778249,0.5947820939483974,1.4165230242303177,0.1566224279134632,0.273009226393959,True
GJB2,2.566,1.31e-17,8389.160042885045,5.302216859691266,0.2987591317766156,17.74746374499365,1.8031547720303583e-70,1.9257692965284227e-66,True
NDC80,2.545,6.11e-44,78.58973151248061,0.8708436694935935,0.42638733856162647,2.0423769440042343,0.04111415496961163,0.09811175847960053,True
NLRX1,2.537,2.33e-34,255.2996668355396,1.5301478904357975,0.23966603386129323,6.384500405766179,1.7195792686281855e-10,8.272570535562621e-09,True
CHAC2,2.534,1.3099999999999999e-42,109.93861747826033,1.0484344710744187,0.23927309967648747,4.381748188542586,1.1773083163458618e-05,0.00012236140633715541,True
PBK,2.533,1.13e-24,133.54450047436768,0.8878173127118665,0.4796327269019641,1.8510357257029595,0.06416441365739692,0.1381883318937284,True
GGH,2.525,5.75e-57,1237.877074564582,1.0542438279291757,0.3162361751400697,3.3337230551255628,0.000856919327437222,0.004362201342721416,True
CYSRT1,2.519,7.56e-50,922.5174604828892,1.2089953140323855,0.42967478914177054,2.8137450569236897,0.004896804678427768,0.018124371500817384,True
AMMECR1,2.502,2.5e-14,343.16928520915735,0.6407864414281932,0.24167724743873661,2.651414016913726,0.008015551907399766,0.027022125748431026,True
SLC23A2,2.483,1.12e-14,288.56223259652234,1.2442803352053586,0.28856825268520964,4.311910002666531,1.6185031505999176e-05,0.00015865638961364958,True
CYP4F22,2.478,1.19e-38,472.3341563747708,0.4744210762614188,0.45369674850880115,1.0456788103964463,0.2957093491462889,0.43675506138602754,True
SLURP2,2.475,1.09e-22,121.08000992466236,-1.7185683367527969,0.7439674272552347,-2.3100048117606677,0.020887887731230615,0.057652086322776366,False
RIMS3,2.465,1.51e-28,28.325815011321765,1.0702588589421969,0.32737386540965363,3.2692251032407458,0.001078424697364279,0.00524838266933265,True
HORMAD1,2.464,8.12e-09,36.24762105670409,1.0361924744489708,2.4580922686551228,0.42154336013427796,0.6733583557873333,0.7725699349850911,True
HSD17B1,2.462,1.14e-32,630.3499445676156,1.6809698538742512,0.27742635554271206,6.059157034975548,1.3683675416005365e-09,5.167796405822072e-08,True
ALDH3B2,2.46,6.31e-12,1569.937957510801,1.5923706828468636,0.3813735830367635,4.175356536672764,2.9751970700460435e-05,0.00026369381500491074,True
CENPN,2.455,6.749999999999999e-38,241.95860944721682,1.4598832602271952,0.40410172891620816,3.6126627424796465,0.00030306877640828004,0.0018385541221473622,True
MAD2L1,2.447,2.34e-22,287.2525834543663,1.0818314266738722,0.3411707875435151,3.1709380350622443,0.0015194755179619563,0.00699935239673655,True
TTC39A,2.445,3.7100000000000004e-36,227.258360002284,1.9306797946931908,0.361580881270961,5.339551659664164,9.317671719919394e-08,2.0103582619947296e-06,True
SELL,2.437,1.01e-08,23.261122856879652,1.4828772646470012,0.5990386701081057,2.4754282797459357,0.013307648689062883,0.04050721922381348,True
FEN1,2.422,3.13e-32,246.65270311718015,1.2438613911457628,0.2584363940225416,4.813027189341102,1.486610543784153e-06,2.163079101854871e-05,True
TRIP13,2.422,3.1e-33,93.6361971206925,1.0161116456797428,0.390753964648278,2.600387296375499,0.009311860073721668,0.03044097508030224,True
CDC20,2.412,6.21e-22,383.7016793742084,2.1624582380917667,0.47168734374801646,4.5845161350078305,4.550389500154822e-06,5.5540754127604e-05,True
FLVCR2,2.412,1.93e-27,38.82740629663166,0.4907937525480629,0.40274275053829856,1.2186283971395562,0.22298526588633227,0.3546589778464029,True
SPC25,2.408,4.5600000000000004e-29,107.00695070537996,1.6779418474301424,0.5343531307249546,3.140136645505727,0.0016886904719389084,0.0076323378080014985,True
APOL6,2.407,1.02e-19,472.21110771196913,0.8336482773231987,0.3715264240210232,2.2438465299470214,0.024842277449572125,0.06595600763136543,True
MTFR2,2.389,1.0299999999999999e-38,44.42165555454058,0.7111512905433309,0.37341362458553495,1.9044599439366012,0.05685030868414604,0.12600475691406285,True
ALOX12B,2.349,6.6e-27,400.3455472412819,1.2899386939006328,0.45323560614576697,2.8460665411308623,0.004426294453014016,0.016727821924341718,True
UNC93A,2.349,7.6e-17,125.00473154726397,1.0945473499120075,0.44336752372909954,2.4687134066697745,0.013559977067956797,0.041108746398895,True
AURKA,2.346,1.93e-25,121.49096068001894,1.5299947072336462,0.3454949969636695,4.428413495650511,9.492877751314293e-06,0.00010256341364090709,True
CDK1,2.343,1.14e-20,351.2068371369242,1.0949257712913998,0.43546249492572475,2.5143974143586285,0.011923598614021789,0.037110311291782806,True
ASPM,2.341,2.4400000000000002e-21,244.17757923141727,0.47675742352427014,0.5367114791446074,0.8882936960545543,0.37438278976306727,0.5170578293895718,True
PGLYRP4,2.337,1.53e-28,199.7605796348203,1.9519690686197717,0.3550972136592721,5.496999113298458,3.863086419457144e-08,9.430345819383383e-07,True
SH3PXD2A-AS1,2.313,1.01e-15,177.78960541874594,3.1536550362927622,0.3450323596042075,9.140171779569817,6.23532065830917e-20,2.114070623198157e-17,True
IL36A,2.311,1.7e-09,0.12305427252353927,-0.4186803256450186,3.356723197157153,-0.1247288802364174,0.9007381928144408,,False
ESYT3,2.305,3.79e-31,41.249354272579296,-1.3924315258979978,0.3015070924247766,-4.618238047734805,3.8701213391553645e-06,4.82297501775721e-05,False
CCL22,2.297,1.86e-14,77.48003505686069,1.3160554470031696,0.5834375681048458,2.2556919865103193,0.024089927785107382,0.06445707847800247,True
CRABP2,2.29,2.19e-24,13114.221509578683,3.568310918027077,0.2918219183462638,12.227700161278038,2.2111050163281417e-34,2.4857475341457424e-31,True
CCNA2,2.289,5.4800000000000004e-27,157.00522441981548,1.7001724165230971,0.4835298004192283,3.516168838092336,0.0004378224671428934,0.002501173548588447,True
MELK,2.28,3.68e-33,95.14576068665168,1.7586633501449007,0.39610058080484045,4.439941356741907,8.998339440537338e-06,9.846543568128972e-05,True
C12orf56,2.278,1.2799999999999999e-28,35.60207758192163,1.565540315756029,0.3406618654112443,4.595584286682987,4.315383055950988e-06,5.312771301159256e-05,True
GINS2,2.269,1.38e-24,208.62308958176126,1.3879993892581073,0.4041165040173543,3.434651580571184,0.0005933161414381345,0.0032011196719167853,True
CFAP251,2.268,4.35e-08,593.120962600303,3.8566163861992817,0.5098875609921453,7.563660464073749,3.91881851068342e-14,4.747284847212917e-12,True
CCL13,2.259,1.17e-08,45.39287788981339,3.0702326661329957,1.0749362656441515,2.856199724821053,0.0042874533816204315,0.016309884992237296,True
DNASE1L3,2.259,6.45e-31,274.3737430202006,2.4600020929971222,0.3221157776582476,7.637012104408898,2.2232060652243016e-14,2.8743643359071554e-12,True
IFITM10,2.252,2.97e-25,38.594750475802904,0.45003540344617776,0.42749633809671717,1.0527234115029105,0.2924677755389744,0.43340583360014523,True
MREG,2.246,9.010000000000001e-31,451.0959151171674,1.6031613929633266,0.3159217965367134,5.074551393851114,3.8841124542334875e-07,6.833990281913286e-06,True
KRT78,2.245,1.44e-11,662.1704723839913,-0.6581611283023108,0.5306305733430584,-1.2403377441216576,0.2148504973478922,0.3449915570518207,False
PPIF,2.239,3.39e-16,1991.039814696304,1.3151779711830147,0.3568679503203067,3.685335065820781,0.0002284019560133995,0.0014576234778745784,True
IL7R,2.232,2.38e-12,513.7071039839716,-1.2862602265368628,0.5421031541943945,-2.3727222698940778,0.017657535483287287,0.050686591794935607,False
CD47,2.228,2.86e-56,2651.2958499685187,1.2387756801910277,0.19667636582174777,6.298548760626165,3.004452174807888e-10,1.359641916396112e-08,True
GBP1,2.226,2.69e-29,889.0209035243844,1.6445086078688063,0.3209898421436042,5.1232418972719,3.003266538757172e-07,5.525389601020947e-06,True
KLHL18,2.225,4.42e-15,461.0463271409706,0.32232415804003967,0.20718811555973993,1.5557077546134725,0.11977760175558508,0.22354299462641306,True
AURKB,2.215,9.100000000000001e-32,166.28826542451077,1.8999581950860878,0.41013820642078735,4.632482820039442,3.613063263437456e-06,4.5504145817820793e-05,True
POLR3G,2.21,1.55e-31,191.32770142175778,1.9197203065075383,0.2235781670528652,8.586349605655455,8.977620245638379e-18,2.154628858953211e-15,True
XAF1,2.206,6.84e-22,806.217734337697,1.8444939798956732,0.4682150730624045,3.9394160632881547,8.168017224061784e-05,0.0006154573125060406,True
ZC3H12A,2.204,1.61e-10,4277.324621038267,1.0683555723010918,0.37513887188845746,2.847893546523095,0.004400964301176246,0.016655669290064602,True
GZMA,2.197,5.44e-14,114.94145415755706,0.8973238715066725,0.5028969861419216,1.7843095032059715,0.07437338688728679,0.1552684226650288,True
KREMEN1,2.194,6.28e-22,747.1428269277309,0.07588496940596387,0.1599505149060864,0.47442779068588237,0.6351948793225266,0.7425802898245538,True
PLA2G2F,2.192,3.98e-19,150.03682109610173,0.21411887550784617,0.461902012492744,0.46355908767816806,0.6429636719278442,0.7481719631914415,True
RAB27A,2.191,3.43e-29,403.39012490239236,0.9416721909372429,0.1703386966215042,5.5282340983837415,3.23470232245537e-08,8.090543513775961e-07,True
OIP5,2.19,3.2e-29,66.6118627846629,1.4679643191063954,0.3938356918975782,3.7273521656542936,0.00019350199294492992,0.001266687885168159,True
SMPD3,2.184,2.6500000000000002e-33,24.053308755068144,-1.7901052033867522,0.5257340516696223,-3.404963398702727,0.0006617292235760182,0.003505589339182477,False
CD24,2.178,6.49e-39,4983.817520341899,3.3393451121820807,0.3834977133443995,8.707601104216199,3.1037334054426977e-18,8.184659943241484e-16,True
SDR9C7,2.175,9.73e-13,443.6790420632129,0.16797875714410118,0.43956890967260226,0.38214430877109656,0.7023543276601472,0.7942341277368173,True
CENPE,2.168,5.06e-20,185.559048681215,0.7610982040292228,0.4267895269817969,1.7833104045725203,0.07453578864780012,0.15553775356750787,True
FAM43A,2.168,3.08e-41,878.7656973751473,1.4030517053156053,0.320494560419428,4.3777707287120435,1.1989937987251916e-05,0.00012394958201994254,True
TAP2,2.164,9.36e-18,525.825665100759,1.2463718338192897,0.20078516347515166,6.2074896981794945,5.38376369089627e-10,2.2726717873032476e-08,True
PRR11,2.161,4.47e-27,56.47545925793352,0.5988299552846676,0.4193234354837572,1.4280860658165235,0.15326708767252756,0.2688113402543692,True
CHEK1,2.16,8.95e-27,171.37208488711394,0.7890010637274492,0.31529586602782106,2.502414870412,0.012334928616564642,0.03809080168423026,True
CYP2E1,2.151,1.74e-18,144.76219728074844,0.9300566303359861,0.417870091598796,2.2257075800221395,0.026033774707905463,0.06840711376071604,True
DDX60L,2.148,5.13e-28,179.56787530037397,1.2063339310796102,0.31501548457660017,3.8294432818151645,0.00012843347900195833,0.0008976894998304417,True
STS,2.146,5.9e-19,52.255866864428704,-0.5277883726217418,0.4438143737534217,-1.1892097323440345,0.23435714569819066,0.36802445464735717,False
CALHM6,2.143,3.29e-16,33.186342030304964,1.1896760644064202,0.34718747393614935,3.4266099837035346,0.0006111662009212247,0.003278380223927011,True
FABP5,2.132,2.38e-30,91806.60015755429,3.405921879525702,0.3172088505852263,10.737159045978807,6.810802201008489e-27,4.6928624197916555e-24,True
LYPD5,2.13,3.86e-17,130.27147405712978,-0.08459158266950687,0.36558406314380365,-0.23138750070796302,0.8170137747043373,0.878245500961143,False
TMEM54,2.13,9.41e-32,2701.0234516882556,1.2309369604125835,0.2973293292757746,4.13997826386943,3.4733873125255975e-05,0.000301224332097226,True
KIF4A,2.127,4.4299999999999996e-24,56.27903874403392,0.9130435213041115,0.4753711153468511,1.9206962556778735,0.054770011943337034,0.12230919551590999,True
IVL,2.126,3.63e-13,2219.59235150302,1.3097829169990534,0.3796977653584794,3.449540757139996,0.0005615409560143616,0.0030598252093027457,True
ERAP2,2.125,1.01e-12,218.43762982955434,0.3305659825315772,0.5670311419048885,0.5829767681208328,0.5599089396704509,0.6828235770117517,True
KIF2C,2.123,6.310000000000001e-21,77.78000379802307,1.2133021432502145,0.4617352524804626,2.6277009102776985,0.008596406145964302,0.02854776667876205,True
PKP3,2.11,4.82e-13,4424.136440033796,1.0671568156305518,0.3941497622818743,2.7074906996071704,0.006779397026361953,0.023622825527421093,True
BRIP1,2.107,2.56e-29,43.32057405761477,0.4164997158636396,0.39492664268130057,1.0546255199088914,0.2915966274698515,0.43241306920098166,True
PYCARD,2.103,6.9300000000000005e-37,6343.980151091077,1.7149763487430219,0.27390096401429265,6.261300886306962,3.8177907140913887e-10,1.6710657715777062e-08,True
KLRB1,2.1,5.15e-18,246.6775627021989,1.5410418319303079,0.5440559835538963,2.8325059892988866,0.0046184700958517184,0.01731318379210121,True
SMOX,2.096,1.5600000000000002e-32,147.44360679954434,0.49379591225941366,0.29626060103893437,1.6667620011832733,0.09556173884255605,0.1883719768989477,True
POLE2,2.094,1e-46,65.28602504074836,0.6747187043682524,0.2578890161276283,2.6163142366417675,0.008888471472704142,0.029330720014979217,True
AFTPH-DT,2.093,1.5e-29,106.44240683507593,0.10019060725469628,0.30997936592470215,0.32321702109370026,0.7465308911854077,0.8266407379844639,True
IDO1,2.082,5.18e-10,19.22651448785837,3.251424230468134,0.5656217060722046,5.748407806070074,9.00877450400146e-09,2.6837855426146607e-07,True
TPX2,2.081,1.43e-18,241.78960345937506,1.0017569340686265,0.4906701470165349,2.041609704930487,0.04119026186034088,0.09823849858607428,True
KIF20A,2.078,8.39e-20,35.79181291522449,1.3784132648806933,0.41956682825859837,3.2853247016733023,0.0010186490671917122,0.005012288430134755,True
PCGF5,2.078,8.11e-31,545.2000559852721,-0.21539027889370688,0.16059776936234038,-1.3411785216502212,0.17986249809275823,0.302371704715149,False
RAD51AP1,2.074,1.38e-26,125.30612310471064,0.7912843588468087,0.32832212595174876,2.4100853896246344,0.01594878726703435,0.04674984163906322,True
RAC2,2.067,1.41e-13,291.4589181644673,0.35009025995298754,0.40675714543039015,0.8606861954018207,0.3894108981733492,0.5310006148544129,True
SPATA20,2.066,4.13e-30,187.12540297272892,-0.04339598208686447,0.2160930280564637,-0.20082083386570612,0.8408386717131158,0.8953297122528491,False
HLA-DPA1,2.064,2.8e-11,2609.3380811527563,0.3052363947733515,0.4188048545600985,0.728827260357246,0.46610733412878746,0.6017805897669175,True
KLK7,2.063,8.08e-19,1636.5915129511711,-1.1243851587801759,0.4206054728931434,-2.673253752610658,0.007511940423675164,0.025668700599856265,False
ZWINT,2.048,1.07e-25,376.12905662507995,1.5112661738950255,0.3746827565501242,4.033455363171622,5.496262497355785e-05,0.000441022415264912,True
MMP9,2.043,5.6e-12,82.30458423791926,0.31684941124480354,0.4065762010720712,0.7793112592653638,0.43579638377772045,0.5729080968422027,True
ATG9B,2.043,2.07e-17,16.888918507400223,-2.005519495335646,0.5734264350499316,-3.497431183410673,0.00046976189257789106,0.0026517214655031062,False
CCNB2,2.043,5.21e-26,212.5914300973828,1.4148928806899086,0.4746020387812454,2.9812195588609005,0.0028710287204234885,0.011797840220901445,True
ATP10B,2.042,1.25e-26,227.39992694209351,1.4478208871709712,0.3790853352574484,3.819247943705635,0.000133859162181492,0.0009289251800508997,True
CYP2C18,2.038,4.51e-18,49.90675501884357,-0.5387962771855531,0.5312489700133791,-1.0142067233974759,0.3104841211085507,0.45173631407115616,False
ACP5,2.029,2.84e-38,592.3804245545479,1.4592092435177215,0.3068293219693508,4.75576856263914,1.976928509712533e-06,2.7438072103612544e-05,True
SRD5A3,2.026,1.31e-40,817.5904634265939,1.7737750569056014,0.26426191331805166,6.712185780516846,1.9173036256650593e-11,1.2188573048870735e-09,True
TRIM14,2.019,6.1599999999999994e-30,199.71825294960502,1.4488954083441712,0.27784886018031973,5.214689048585119,1.8412583775135542e-07,3.660058301882287e-06,True
TTK,2.019,4.77e-18,67.40785735012757,0.4251302177604513,0.4884859665711721,0.8703018036414975,0.3841354935325606,0.5260713048570554,True
UBE2T,2.016,1.2e-20,297.91197021733916,1.2678541791280318,0.4140532580827136,3.0620557968771207,0.0021982247239026188,0.009474188882679566,True
CENPK,2.012,8.770000000000001e-21,172.0301315412712,0.7984049803271525,0.37265222642405,2.142493520000141,0.03215378956250674,0.08103154544525683,True
CD48,2.008,5.49e-12,240.61582995714608,-0.2130960136086645,0.49362409715786565,-0.4316969427457153,0.6659616897248196,0.7667605483248247,False
CD52,2.007,6.21e-13,690.3958785351736,0.12074572729600946,0.4440608664341914,0.2719125606937572,0.7856892529668354,0.8558479495829264,True
MCM10,2.005,1.85e-16,43.933010612019345,1.2177597580745423,0.363176774527713,3.3530771885348583,0.0007991841528327434,0.004111409803590415,True
GBP6,2.002,3.9e-13,87.3341331659053,3.5196138434065154,0.35679633129802096,9.864490003588882,5.933520646210584e-23,2.88045456825132e-20,True
OSBPL8,-2.001,8.66e-24,1480.5910194971827,-0.8433647749588404,0.21977457261537767,-3.8374083267348373,0.0001243396283269931,0.0008739369730386881,True
FASN,-2.006,1.76e-12,648.1270658876717,0.003010353804393873,0.26163931043367517,0.011505739712446571,0.990819950468893,0.9936109925828899,False
ZNF606,-2.007,2.54e-28,44.19688381018068,-0.7969316280498911,0.2650558556344389,-3.0066554317102407,0.002641389786464138,0.01100235683285374,True
BACH2,-2.008,8.25e-28,62.5945775012422,-1.7331507577440972,0.2947651078211543,-5.87976904917684,4.1083930314237195e-09,1.36477877373578e-07,True
GABARAPL1,-2.008,1.03e-28,597.1272210351366,-0.09085298793442427,0.21827211700343457,-0.4162372600848265,0.6772363972385752,0.7754781518717684,True
IRF6,-2.011,7.99e-09,2575.3250374431946,-0.14781078395458064,0.44898213065399545,-0.32921306631797753,0.7419946474252361,0.823538442750575,True
RGMA,-2.011,1.68e-21,80.47396443439334,-0.19201134008437257,0.41795396555627706,-0.4594078676315812,0.6459412994809886,0.7507512328280507,True
CYP4B1,-2.012,6.31e-11,132.45975546004752,-1.704981574415513,0.42449698307341105,-4.016475127976727,5.907509549123681e-05,0.0004683905121354188,True
NR4A2,-2.014,1.78e-25,1423.9637623203805,-1.061532912532765,0.31874692168605434,-3.3303314959644004,0.0008674264737923502,0.004406237688514768,True
GATA3,-2.016,1.5e-20,1770.021648570653,-1.3840513111687132,0.34793636745122314,-3.977886305209937,6.9530602200676e-05,0.0005365511788318062,True
P4HA1,-2.016,6.83e-21,391.9905317011143,-1.467839220505824,0.25232942546346376,-5.817154371947638,5.985785835164534e-09,1.8830100948323187e-07,True
ZNF415,-2.023,1.93e-30,28.19186266375898,-1.2284896224748407,0.3694196303761191,-3.325458425758459,0.0008827326379063256,0.004462761927971389,True
FOXC1,-2.025,1.9000000000000003e-21,214.937289392426,-1.2329175299363853,0.42917557039547327,-2.87275794565913,0.004069057487663417,0.015649093974881272,True
APOC1,-2.028,6.82e-19,228.0830852129893,-0.3148267382533036,0.31456900473381677,-1.0008193226783577,0.31691416609114487,0.458903571805766,True
FGF2,-2.028,1.05e-15,96.91882418152078,-1.4288366729340416,0.6611592543212961,-2.1611081802081014,0.03068698383416381,0.07807909168525777,True
PDZRN4,-2.028,9.75e-12,12.220100735884712,-2.18925365056985,0.6737257941001932,-3.2494728118488436,0.0011561912986831715,0.005564724231607153,True
DSG2,-2.03,2.83e-25,92.52351298207041,-0.57279113476909,0.2468663313867448,-2.3202480935796226,0.020327460279545934,0.05643287647141943,True
RGS1,-2.03,2.09e-08,715.7629468038319,0.42820713368737473,0.3378603715479467,1.2674085798387478,0.20500923352256017,0.3335616413803995,False
IL37,-2.035,4.62e-12,41.99689780018678,-6.713195426336691,1.137147067626119,-5.903541958166412,3.5577908564334777e-09,1.1969466517222868e-07,True
INHBB,-2.035,1.07e-13,170.37279470842938,-1.5177533294719885,0.6179931113044463,-2.4559389121156188,0.014051704156447083,0.042256004615192126,True
FERMT2,-2.037,2.95e-16,393.8298046211627,-1.2134704126553977,0.5377090409647546,-2.2567416952450636,0.024024219854485874,0.0643134899225239,True
H2BC5,-2.042,1.38e-15,274.28506509544627,1.8101664122405978,0.3044161045312551,5.946355614227183,2.741781574695986e-09,9.476448937784185e-08,False
SERPINE1,-2.045,4.67e-11,158.116195029871,0.21404528556573718,0.2965265115614121,0.7218419845114166,0.4703916334073135,0.604912544960427,False
BBS2,-2.046,6.37e-12,204.44260659745598,-0.9407403108601217,0.17162143701154076,-5.481484872993233,4.217707921707847e-08,1.0202745323633025e-06,True
CAMK2N1,-2.046,1.26e-15,220.8343715066676,-1.0531296197202962,0.4448608212924087,-2.3673238220006567,0.017917248281630417,0.051288183234471416,True
PMAIP1,-2.046,1.96e-18,9342.221012613758,0.7754665965594988,0.4678012037395544,1.6576840554502619,0.09738125374624453,0.19084903018807076,False
RABGAP1L,-2.05,3.35e-12,411.9447424995784,-1.3344211251936042,0.15407535203633346,-8.66083450439838,4.683230400118194e-18,1.1768682511355839e-15,True
HNRNPM,-2.051,9.98e-19,3025.330936234088,-0.1420835569025712,0.1266355114367977,-1.121988258194728,0.2618674323632041,0.3989080270487833,True
PPP1R15A,-2.051,1.42e-22,17499.566523909565,0.12353190578916204,0.2800139110201795,0.44116345984060623,0.6590946643772069,0.7609257158847601,False
MALAT1,-2.058,6.56e-11,334522.9666215369,-0.12745252925479997,0.2505653002777828,-0.5086599346098721,0.6109906104460845,0.7231138873630522,True
CAVIN2,-2.062,4.19e-15,238.0218346792801,-0.5754817998902738,0.5261118637604351,-1.093839237490222,0.27402549189295167,0.41239938750323735,True
ZBTB10,-2.064,9.450000000000001e-31,297.9089748374084,-1.7778230280401215,0.2694644805005226,-6.597615480666937,4.178232182687585e-11,2.3799210512588482e-09,True
APOD,-2.068,5.05e-09,5098.1593134958175,-1.3940719651961329,0.6579067934439156,-2.1189505551366112,0.03409464581142324,0.08480978625037854,True
CYP1B1,-2.072,1.56e-07,1020.4028940195046,-1.2194091776898044,0.42306308612756455,-2.88233414276688,0.003947408873507661,0.015285832766157293,True
PCDH9,-2.072,6.48e-13,99.92551998241805,-1.9375790267683264,0.5789235134566799,-3.3468653142092717,0.0008173091010438022,0.004188513051414495,True
ADRB1,-2.074,5.92e-16,11.85787655398746,-1.7407544696468378,0.36837933207583906,-4.7254401050069355,2.296175080333353e-06,3.094403767565957e-05,True
FNBP1L,-2.077,2.5199999999999998e-42,291.33709493272187,-0.9216926058411279,0.21597944695243973,-4.267501462970647,1.976744752106586e-05,0.00018866518277478407,True
ZC3H11A,-2.077,7.49e-15,32.485861097799386,-2.8257129225393016,0.41933102011022283,-6.738621249142388,1.5989659746704842e-11,1.0541331240420228e-09,True
IGFBP6,-2.081,3.19e-09,1077.2866283054243,1.1199711883979044,0.6555006413437325,1.7085737492217221,0.08752993465808985,0.17638107587705654,False
PDLIM3,-2.083,1.16e-19,294.2509301021245,-1.265210976193901,0.45302741449330847,-2.792791199201454,0.005225541027378127,0.019107098816395305,True
FLT1,-2.085,3.87e-23,167.3013856291808,-0.36302050787327783,0.5761348296686928,-0.6300964447541443,0.5286314856293324,0.6562194765527134,True
N4BP2L1,-2.085,4.13e-12,395.49446057053046,-0.7505179672934437,0.1926770496645754,-3.895212058727252,9.811285400258024e-05,0.0007164754056393552,True
PRKAR2B,-2.088,9.04e-12,122.25103986026187,-1.3960747558051143,0.5579770285815885,-2.5020290877458184,0.012348377894689663,0.03812131114764723,True
CLIC5,-2.089,1.6e-18,21.713887921864327,-0.8724132862891996,0.5980743216348593,-1.4587038010667706,0.14464664946958544,0.2576427979211428,True
CHRM3,-2.09,4.33e-20,6.785583874402222,-0.9379236152142152,0.6035130287908278,-1.5541066563109627,0.12015897773143233,0.22419599618652994,True
GLDC,-2.09,8.76e-15,5.760205119476445,-0.43547203859376776,0.5444937844161009,-0.7997741224185968,0.4238416786451825,0.5620694757224998,True
IMMP2L,-2.09,3.0600000000000003e-21,249.21479440854185,-0.7347205446997579,0.22489379242365926,-3.266966761428778,0.001087064427123609,0.0052832073181707144,True
PPP1R3C,-2.091,4.9e-14,76.10477823978607,-0.7063848159119157,0.4189472283838056,-1.6860949734337018,0.09177750801813349,0.18256119298545712,True
UST,-2.093,3.02e-19,100.13715848014958,-1.2823508463022542,0.3397006909367959,-3.7749432971887775,0.00016004406399254474,0.0010814745988233963,True
CCNL1,-2.096,5.52e-12,7371.519717232432,-1.0151828963042653,0.30852668463178645,-3.290421694045178,0.0010003734075984961,0.004946290737570342,True
LYVE1,-2.099,5.64e-10,74.25297079537987,-0.8262624289047213,0.7093913245277172,-1.1647484263425578,0.24412084053229433,0.37895502571001505,True
SORBS1,-2.103,3.85e-10,126.8835458856736,-2.1730830233664427,0.30233643284578937,-7.187632012827418,6.592465088632261e-13,6.075404976526938e-11,True
FBXO32,-2.105,3.39e-14,382.04901760224124,-1.1005176762364928,0.2527526700083957,-4.354128786057678,1.3359715382468977e-05,0.00013517930865444686,True
TBX3,-2.106,1.37e-14,372.7987909056381,-1.2628124387625348,0.24468488973727237,-5.16097434589633,2.456678475742155e-07,4.635569986029367e-06,True
PIK3R1,-2.107,3.3e-27,1082.6421418685757,-1.3241094498970167,0.37995726748119063,-3.4848904422194407,0.0004923385828305578,0.0027522512769590987,True
ATP1A2,-2.112,1.19e-11,40.36298157459126,-2.9235146180586686,0.6733302848426614,-4.3418730508190535,1.412731577628115e-05,0.0001418202090262295,True
UBN2,-2.113,6.22e-23,336.61996812873855,-1.0491882278721862,0.2903894256804776,-3.61303868215447,0.00030262953570854464,0.0018369329021695122,True
SLC26A2,-2.114,2.28e-19,180.71503025910798,-0.9627477641299875,0.3439025667471991,-2.799478274431427,0.005118526083161436,0.01880023531425457,True
KRT15,-2.116,4.39e-14,7177.975494876312,-0.3768145719890636,0.6325969545814583,-0.5956629561050818,0.5514004099073082,0.6760755843878138,True
PALM2AKAP2,-2.117,7.65e-20,7.807936852423524,-3.9459654453662565,0.9088215733382814,-4.341848346394271,1.4128904719467058e-05,0.0001418202090262295,True
INSR,-2.12,1.96e-24,475.5934408468553,-0.8066392709912722,0.2064198902103558,-3.907759422646976,9.315599477366837e-05,0.0006863787679770806,True
SOCS2,-2.121,3.82e-13,206.3665181055769,-1.0982163732790384,0.4993540603237632,-2.1992739431556725,0.027858449327867737,0.07218930943142725,True
LARP6,-2.126,2.4e-24,201.3087546520724,0.045088769962079785,0.4233085410727486,0.10651514341717702,0.915173641049181,0.9453750613506154,False
ACKR1,-2.129,2.54e-13,916.6968274577683,0.3054075530948463,0.8661193791177773,0.35261600243367397,0.7243763390716864,0.8105546965567196,False
ENPP5,-2.129,6.76e-26,15.57055699111712,-2.5685116882329337,0.7794936746819474,-3.2951026694103063,0.0009838572686825362,0.0048815775282366955,True
IGHG2,-2.129,2.35e-05,4.302744594628638,4.546306405155034,3.277766456092629,1.3870135246226818,0.165437638820512,0.2839492137570218,False
MRAS,-2.129,2.68e-15,84.42540492496317,-0.6879217836931306,0.47045203742104685,-1.4622569974703965,0.14367079777969063,0.2562037268804635,True
MAOA,-2.13,1.2800000000000001e-21,228.82658316456443,-0.44831565890088726,0.27768855360361744,-1.614454946316689,0.1064287817432876,0.2044719174344867,True
BCL6,-2.131,1.32e-14,806.8500358232933,-1.4329857232531502,0.2534814910858093,-5.653216402960371,1.574728381827875e-08,4.3439461819800675e-07,True
BHLHE40,-2.135,1.05e-11,3738.357235521708,0.37444611078742496,0.3663051865603053,1.022224430681872,0.3066746903476012,0.44808614719370415,False
KMT2A,-2.136,1.0700000000000001e-29,1024.1331330294752,-1.0043507691820555,0.2689527154195482,-3.7343023944388727,0.0001882362175420825,0.0012382893768706135,True
VTCN1,-2.138,6.19e-12,2.945034684823207,-0.22719777800856436,0.8812541868968327,-0.25781185654118444,0.7965521135496901,0.8635412447556912,True
KCNK5,-2.141,9.31e-20,70.83967542230522,0.588226111446871,0.3120649151156504,1.8849479161374998,0.05943687002221083,0.1303327731931448,False
TIMP3,-2.143,1.75e-16,2753.9312986518057,-1.1403612506952285,0.545855318043764,-2.089127307181058,0.03669626482753329,0.08971411430881436,True
SF1,-2.144,7.27e-13,2339.8084701384305,0.02996016607290522,0.13586654471753357,0.22051172446603676,0.8254726422924015,0.8839472421600089,False
EPCAM,-2.152,8.76e-19,102.66220314294786,-1.3416679432787284,0.28027315794184465,-4.787001199583723,1.6929182258202814e-06,2.4092901217868946e-05,True
TMEM213,-2.153,9.39e-18,2.1643052602621866,0.24008901950565456,1.080708041354088,0.222159001616044,0.8241901085840141,0.883015735196795,False
ZNF677,-2.153,1.6100000000000002e-33,189.54226474354343,-1.286373240691666,0.23973256071059498,-5.36586785240481,8.056091038917415e-08,1.7740010782605772e-06,True
FKBP5,-2.16,1.05e-08,466.95246072075946,-0.9454905419218838,0.23806164643466735,-3.97162061206428,7.1385342758335e-05,0.0005488808212087961,True
INSIG1,-2.165,7.78e-27,926.1993714527282,1.196097491115828,0.2860926934331832,4.180804049073612,2.904801097210107e-05,0.0002583703832541102,False
PHLDA1,-2.165,3.77e-13,1368.1792952833011,-0.7429947132584515,0.3642106025621654,-2.0400139590434714,0.04134893542875652,0.09853361602163807,True
RORC,-2.165,4.38e-23,67.96855779847364,-2.3622159525376625,0.41519409660809886,-5.689425673042154,1.2746735658611176e-08,3.630270315572463e-07,True
IL6ST,-2.166,1.11e-18,1477.902575428598,-0.8670013443954514,0.2956926158059094,-2.9321034684361043,0.0033667455829997726,0.01346698233199909,True
SOCS3,-2.167,6.7e-12,3975.2347730323427,-1.3203381450436487,0.4555939530715969,-2.898058975853344,0.0037547997638914775,0.01467029869338247,True
FRYL,-2.168,2.5600000000000003e-21,522.6034908745369,-0.7054432983393454,0.22268700581840573,-3.16786916123257,0.0015356061254815708,0.0070629945823183354,True
GREM2,-2.168,2.35e-16,280.57971440783064,-3.514954067190724,0.953723568614575,-3.6855061391601303,0.00022824857980485177,0.0014570799954069437,True
ROPN1,-2.17,8.01e-17,12.448306441341533,-2.8916650372476593,0.6865130117193498,-4.2121052156106655,2.530016407970169e-05,0.0002323351267164351,True
ADAMTS15,-2.171,7.31e-12,17.423696214972317,-0.5624943261077019,0.48753378456311464,-1.1537545579774753,0.24860080925127503,0.38400326386410083,True
RSPO3,-2.177,4.67e-13,51.004291749191495,0.16590634018914285,0.7445748238968125,0.22282023896652073,0.8236754155524453,0.8827307649490859,False
TNFAIP3,-2.179,1.1200000000000002e-21,5651.096930396048,-0.49127097272616793,0.29051607857942674,-1.6910285142509074,0.0908313568332575,0.18118768976077515,True
GPRC5A,-2.186,1.04e-14,174.69016625252385,0.4289956492693067,0.5266079953657655,0.8146394529603367,0.41527872028977875,0.554109983283444,False
BHLHE41,-2.187,7.78e-16,160.68715899248747,-1.6322786765709911,0.289824726314788,-5.631951066860045,1.7818224475340404e-08,4.805521146379684e-07,True
HMGCS2,-2.187,1.83e-14,33.31775867150822,-3.3380606589328647,0.541114819403478,-6.168858325877535,6.878482280541611e-10,2.825468875237862e-08,True
KLHL24,-2.189,1.36e-29,404.13860193034634,-0.8732768933970221,0.1918399976410752,-4.552110634565829,5.31103923188049e-06,6.304864146855946e-05,True
AKAP12,-2.19,4.92e-15,323.4041216863467,-1.6517444707960114,0.49644551821712457,-3.327141469073767,0.0008774181689325751,0.004444309245529951,True
NFAT5,-2.194,5.99e-26,1237.4029042127281,-0.9250787699112922,0.2576418145911633,-3.5905614598284274,0.0003299664108980969,0.001968188365479852,True
BAG4,-2.2,1.25e-30,255.8671201022801,-0.36675865345742725,0.11697087208390332,-3.1354699415624676,0.0017157901060808264,0.007727024386651161,True
ZSCAN18,-2.204,2.21e-40,194.90622499661512,-1.5157887884465733,0.36361759442434605,-4.168634333677566,3.06430140383469e-05,0.00027046891729714455,True
PLIN2,-2.206,1.29e-16,1013.513395549326,-0.33883351356891606,0.2083416628276292,-1.6263358416662388,0.10387823111262094,0.20054582579226168,True
FXYD6,-2.211,8.580000000000001e-21,135.21880249557506,-0.5268782371690521,0.47778250828848123,-1.102757484899232,0.27013249553045704,0.4077759791187677,True
DDIT3,-2.215,4.8399999999999994e-30,2380.602162651162,0.9660124083180686,0.34089812387951257,2.833727558616594,0.0046008537820387725,0.017259261816710253,False
MUC1,-2.215,6.17e-16,48.21055231441485,-0.4435012131824033,0.29132268492944347,-1.5223710206083558,0.12791614182844915,0.23499516551609823,True
ZFP36L1,-2.217,1.25e-28,12541.340749930185,-0.8940243908157081,0.16030967429998116,-5.5768586313933595,2.4490073005751168e-08,6.340702538216302e-07,True
CCL27,-2.218,4.6e-11,3966.1336985572384,-3.25899175458313,0.6392152157303566,-5.0984264366414696,3.424885801668171e-07,6.14752611122959e-06,True
DDX17,-2.219,1.83e-08,3010.2540837643023,-0.4917314978961005,0.1742879396287043,-2.8213742095044823,0.004781838683858649,0.017785142658405143,True
FAR2,-2.223,3.41e-09,38.252204545396644,-0.21444176785175104,0.43060212917945145,-0.4980044298907389,0.6184809198519545,0.7293631611780879,True
SOX5,-2.224,2.4599999999999998e-30,153.73036478063258,-2.4704229677461207,0.33341594144586145,-7.40943266549616,1.2684085637799576e-13,1.3683437839565602e-11,True
CDC42BPA,-2.227,1.14e-14,301.402524083519,-0.6847690172185694,0.2915848335326563,-2.3484383907158124,0.018852317746926243,0.053328765338941146,True
IGFBP5,-2.227,4.65e-15,2623.167259705111,-1.7427633357225796,0.4995185865886081,-3.488885864336974,0.00048503820513021053,0.0027257079877877656,True
TF,-2.232,3.61e-08,50.46757858140293,2.196817594032793,0.5142557698283008,4.271838495397463,1.938679681019205e-05,0.00018528052790411733,False
SFRP1,-2.234,3.16e-16,546.3959348082522,-0.15414338913615055,0.4654767698323052,-0.33115162587315145,0.7405299575702726,0.8224260330526191,True
SOX17,-2.239,1.1e-19,159.26125183424722,-1.4441369508452047,0.879485803438015,-1.642024175034891,0.1005849941264409,0.1955488736270845,True
TM4SF1,-2.24,1.29e-12,2249.3086734890344,0.7390966399505681,0.5136161871958114,1.4390057369215945,0.1501488973311928,0.2647010080552797,False
KRT79,-2.246,9.07e-08,89.28850340215637,-1.7548259905161117,0.722623508795313,-2.4284097723883704,0.015165198027202736,0.04497002226388419,True
WDR33,-2.248,7.17e-27,1115.8191908756617,0.14338283823056147,0.12850508013879186,1.1157756415209492,0.26451818288408335,0.4015713138879901,False
CLSTN2,-2.251,1.42e-16,39.21600482321187,-2.2708237381236547,0.5927470940241906,-3.8310162310656226,0.0001276150857397441,0.0008925534483958527,True
NAMPT,-2.252,3.17e-13,4359.607646748417,-0.0971606019372675,0.2666759876032797,-0.3643395223187788,0.7156044904442678,0.8040246129025069,True
GPR146,-2.253,1.7799999999999998e-23,108.46155859638084,-0.12208354296694789,0.4188453363435359,-0.2914764290626249,0.7706869685282279,0.8448918932335736,True
WIF1,-2.257,1.28e-07,1109.5439158314973,-6.308178174128132,1.0900660304376109,-5.786968860588833,7.166785775439779e-09,2.2121754936906604e-07,True
DACT1,-2.258,2.28e-14,28.14984100832871,-1.345202927670497,0.5951452077211078,-2.2602936396337,0.0238030324726936,0.06388951666458097,True
SEMA3G,-2.258,1.55e-23,84.41229484030136,-0.5170246593569229,0.6003705017260765,-0.8611759869455067,0.38914112342311136,0.5309181397750166,True
BCAR3,-2.259,8.74e-41,105.90912004667116,-1.9481526876729527,0.22363073169251743,-8.71147124068609,2.999558982563701e-18,8.008822483445081e-16,True
MB,-2.263,1.2e-17,21.751352399488376,-1.642461329118051,0.633237468760886,-2.593752597002837,0.009493477362909921,0.030892851382046907,True
GRB14,-2.265,1.57e-14,7.4270291013229786,-1.1731524921043335,0.6658016179530154,-1.7620150814759976,0.07806674939995477,0.1613455023882955,True
H2AC8,-2.268,7.43e-14,291.65499087057657,3.0302944763280983,0.427478032638728,7.088772392870707,1.3530684513171671e-12,1.1595012444297219e-10,False
CES1,-2.272,7.68e-14,350.24845748350566,-2.6232898892805823,0.6533870227841799,-4.014909690281805,5.94685610149516e-05,0.00047082571599708033,True
ELAPOR1,-2.275,3.4300000000000004e-21,31.823265232163678,-1.2444546292655931,0.600165815917608,-2.0735180116230323,0.03812409663067392,0.09235915890112224,True
NR3C2,-2.275,4.9300000000000004e-26,64.25737654476605,-2.0529247701573334,0.472904933206832,-4.341094004319587,1.4177504757397478e-05,0.00014210789514821335,True
VEGFA,-2.276,2.6e-12,744.6000600034592,-0.07194850725128325,0.2569812558288524,-0.27997570102622743,0.779496147430287,0.8511500694169962,True
NCALD,-2.28,1.13e-15,121.60944214504761,-1.2927942667604102,0.41715470896145274,-3.0990762874976228,0.001941250277969372,0.008553033402934363,True
SPTBN1,-2.287,6.279999999999999e-23,1903.4821565719037,-1.0085854799012208,0.3399556847454594,-2.966814573659492,0.003009023704399023,0.012258772902148224,True
LINC01140,-2.289,3.76e-10,6.629019584702696,-0.5355946978497151,0.6238880372309972,-0.8584788710276375,0.39062809267312404,0.5318936737105839,True
FAM13A,-2.295,6.81e-36,245.62002101059096,-0.7815923737481099,0.2036094561434468,-3.8386840599262877,0.00012369547169700334,0.0008705552802135062,True
GPC6,-2.299,3.92e-15,28.29047429100708,-1.5000961203016516,0.5234336226809306,-2.865876503344274,0.004158564394974291,0.015921658984880956,True
SOX9,-2.299,2.01e-20,729.1430738355721,1.0606163914083884,0.47821522513891485,2.217864124046436,0.026564098304950285,0.06949285239359929,False
FGFBP2,-2.31,2.4e-15,285.3168008140747,-2.8450028247654666,0.6439169327349873,-4.418276147330895,9.949125264167258e-06,0.00010641628224467332,True
MSMB,-2.316,6.19e-10,42.980741830095155,-3.7713832455285394,0.7617784497363386,-4.950761270332423,7.392374013752075e-07,1.1872263829604836e-05,True
SPRY1,-2.318,2.9e-35,1393.2363834413297,-1.7532996454089154,0.43488316237257296,-4.031656769242376,5.538503322128851e-05,0.000443246275611361,True
PADI2,-2.322,5.100000000000001e-21,10.48629636203976,-1.0455407383584374,0.6793721826797714,-1.538980789932141,0.12380898607998703,0.22926397422353906,True
ACSBG1,-2.324,1.69e-08,45.96033390483347,-0.6488554940959794,0.48989986111274275,-1.3244655604151223,0.18534847359570616,0.3090970597549941,True
ABCA9,-2.325,9.11e-18,103.3081757819742,-1.2567495106197348,0.6965721230493751,-1.8041915101598929,0.07120128980555984,0.1499713588646838,True
CA4,-2.328,4.23e-11,31.50219727802263,-0.8093847802666068,0.8186425704184058,-0.9886912915522248,0.3228142048374695,0.46509073507797355,True
KRT18,-2.332,3.51e-10,192.92894513367116,-1.259316099772535,0.4774867076631368,-2.6373846215232715,0.00835480417812162,0.027945289264747545,True
LIFR,-2.334,4.44e-17,330.08989076550114,-1.178843924990236,0.48304005336324224,-2.440468273349901,0.014668234329316613,0.04374605989691813,True
NFIL3,-2.339,5.27e-28,811.3501166241549,-1.6577770995889234,0.32385741994420764,-5.118848596627849,3.0740661262007197e-07,5.6313938641207e-06,True
PRR15L,-2.342,1.56e-23,11.604206893499867,-1.749678009677523,0.6399197721020339,-2.734214640579258,0.0062529268681854495,0.02205457693270165,True
SEPTIN11,-2.348,7.580000000000001e-21,510.5491406897825,-1.0609750846639292,0.47351437555000386,-2.2406396499189043,0.025049426197795457,0.06641704860785885,True
ADAMTS9,-2.349,1.27e-11,117.0956047393001,-0.8550358915464168,0.5336231053785129,-1.602321719071586,0.1090844852910771,0.20822561267358417,True
MEGF10,-2.355,4.6300000000000004e-21,3.3534210802788125,0.6733161360221638,0.8384157106483122,0.8030814874658255,0.42192763703026126,0.5604710402342277,False
OGN,-2.356,1.87e-12,127.796673493336,-2.037854414304447,0.6204614558535759,-3.2844174204196896,0.0010219344150311626,0.005023824880337315,True
BTNL9,-2.358,7.17e-19,93.11892201942568,-0.1041501244222675,0.5852946397921533,-0.1779447774530324,0.8587663446531021,0.9080674315866041,True
THBS1,-2.361,6.99e-13,505.8494200642088,-1.9697351274608688,0.503051441026227,-3.915573968822355,9.01893872956525e-05,0.0006692254771660224,True
MMP7,-2.362,4.07e-14,25.553741599953334,-0.30879650703730266,0.8505929735317708,-0.3630367480642828,0.716577433316739,0.8049060778105567,True
SSPN,-2.363,1.46e-18,480.1796610610401,-1.160440817149976,0.5023550606594337,-2.3100012481743164,0.02088808502115947,0.057652086322776366,True
AOC3,-2.365,3.64e-11,131.0294681035324,-0.39281955984447237,0.490719960116503,-0.8004963966642241,0.4234232504363883,0.5618194330624072,True
TCIM,-2.366,1.0300000000000001e-22,392.74068007741846,-0.5828648866199706,0.737008609494571,-0.7908522086596658,0.42903023958648856,0.5671547170174153,True
HBP1,-2.371,5.290000000000001e-21,1851.5878600013618,-1.2924050812252985,0.30908476388683825,-4.181393689462067,2.8972770962820413e-05,0.00025796514704703793,True
PDE9A,-2.373,5.850000000000001e-21,31.307796018515113,-0.3968687790823984,0.542024672206709,-0.7321968896114138,0.46404840253269286,0.5998794170727856,True
PLCB4,-2.374,1.0000000000000001e-29,100.55096739531254,-1.4244433000212067,0.670245870360615,-2.125254869910363,0.03356535180759014,0.0837761059371495,True
FNIP1,-2.378,7.61e-16,1023.6602415781413,0.1836384530171066,0.21678146720386318,0.8471132490509965,0.39693200095046,0.5377349870173035,False
CEACAM7,-2.387,1.14e-20,0.3447035555707236,0.3684852363980781,1.8806385604412914,0.1959362336543887,0.8446600765490122,,False
KLF9,-2.387,1.53e-28,842.6982043010917,-1.8716240202407233,0.3053228373773693,-6.129983712706873,8.788806979326832e-10,3.508951721091984e-08,True
PCK1,-2.388,8.69e-11,6.768002057096316,-0.7303380627137187,0.5504138275523006,-1.32688901723553,0.18454539793364666,0.3080566948133215,True
HES1,-2.39,6.9e-38,14170.531592312693,-0.874332362142903,0.3801690089493063,-2.2998517542483086,0.021456620201326746,0.05889806912238486,True
GALNT15,-2.396,4.57e-10,104.62900649373226,-1.9252257714877155,0.9676584207059656,-1.9895716611272252,0.04663814048466487,0.10818751962993502,True
OSMR,-2.404,1.53e-15,338.40054609551504,0.26268745863151904,0.27234092537267607,0.9645537418662031,0.33476837830345063,0.4774185723021642,False
ID4,-2.407,4.02e-24,2061.1894781700607,-1.7169910426393156,0.25279471738980985,-6.792036876275831,1.1056127702783953e-11,7.593533367571229e-10,True
CIDEC,-2.415,8.89e-08,1.0449523301769292,-0.4396152418714251,0.9146796473895937,-0.48062208788185456,0.6307851141418038,0.7390974535722545,True
PTGS2,-2.42,7.6e-11,391.6944469985776,-0.7983230790656551,0.30999458350861564,-2.5752807356502325,0.010015875514445754,0.032253746568454894,True
RHOBTB3,-2.42,2.25e-23,402.7533915748467,-1.3932151411344247,0.3463434832567563,-4.022639975880784,5.754943116846784e-05,0.00045782340773127485,True
ACTA2,-2.424,4.02e-16,2421.269291066311,-0.026084664591642527,0.5916861547940767,-0.04408530498862309,0.9648364063168349,0.9776056941761583,True
MYBPC1,-2.428,1.36e-16,4.354093653714747,-2.229532310791724,0.707569404236813,-3.150973314337278,0.0016272735728565366,0.007406469958707782,True
PPARG,-2.433,1.55e-14,59.48815791200523,-0.024424481355447985,0.4892095082623064,-0.0499264240431565,0.9601810202155056,0.974645563455933,True
GPAM,-2.442,2.33e-08,49.70825237365636,-0.9579561289226285,0.33762733461359246,-2.8373180448170454,0.00454942692463137,0.017111420868132783,True
LPP,-2.442,1.4e-22,910.7492427214551,-0.784356264465428,0.2214649068373821,-3.5416729253694696,0.0003975981491336495,0.00230341645389063,True
PPP1R3B,-2.443,2.86e-22,126.32249104024048,-0.6846065180760788,0.2937000541343973,-2.330971712258529,0.019754851342148987,0.05523807103918083,True
DDIT4,-2.444,1.56e-18,2603.849891553216,0.6344934879773206,0.24875874594608305,2.550637910495188,0.01075259733075716,0.03413649987527843,False
ADH1B,-2.451,7.24e-16,764.846558942088,-1.0979585763463826,0.9513926345569158,-1.1540541060187268,0.24847798728791648,0.38387746336394446,True
DNER,-2.458,1.5e-13,13.14514722902381,-0.44678590796789386,0.402064035970961,-1.1112307194771402,0.26646905158833967,0.4037008966541553,True
ZBTB20,-2.462,5.26e-24,1607.4947137399142,-1.219165061179903,0.41875692495667427,-2.911390805790355,0.0035982365167358853,0.014170046459712116,True
KIF27,-2.467,4.1699999999999995e-30,76.91663169376258,-0.898107235473206,0.3002975233105565,-2.990724750481599,0.0027831623618466026,0.011485384089846104,True
SEC14L4,-2.484,1.77e-14,1.3430681806797056,-0.7283834166638137,0.8859265652720297,-0.8221713234664756,0.4109793971745219,0.5496881605289786,True
C11orf96,-2.498,3.28e-13,1857.8165284274955,-1.6086802898777233,0.5821130956193464,-2.7635184674313984,0.005718185643826651,0.02053125657289246,True
MOGAT1,-2.498,8.17e-18,1.4978255879943594,-3.089531548381722,1.5716319013739142,-1.9658111709751283,0.049320426929611916,0.11298630622227697,True
ADAMTS1,-2.512,5.41e-18,740.6933514042823,-1.7718419760182413,0.2832278669640078,-6.2558885713156345,3.95258894659123e-10,1.7194969429569996e-08,True
SCN7A,-2.519,4.92e-25,42.39309626023541,-2.624699746447478,0.7905143596588884,-3.320242971399092,0.0008993913467689435,0.004537316761215077,True
LHX2,-2.523,1.91e-09,22.04199792269122,0.33696948928734366,0.7172078849691865,0.46983517101435784,0.6384727843021971,0.7447177246945597,False
RASD1,-2.528,5.330000000000001e-32,1362.527116101287,-0.684224013232492,0.2425222762389153,-2.821283157339511,0.004783196249957889,0.017787094689954826,True
RORA,-2.531,4.37e-10,3380.949280998035,-1.1045214155764218,0.32455398678560604,-3.403197805442602,0.000666020437622768,0.0035248257055555806,True
ZNF667-AS1,-2.539,6.689999999999999e-24,200.73934067594234,-1.0463053225701082,0.4080240438416084,-2.5643227117671414,0.010337737705781773,0.03305105184785192,True
SCGB2A2,-2.543,5.74e-06,2346.461177421739,-2.437174495135635,1.260749898712292,-1.9331149640582341,0.05322203707211865,0.11964036117243257,True
ADM,-2.547,6.88e-26,2173.0201338747997,0.9634692859612357,0.26898479929679714,3.581872613173751,0.0003411401368987664,0.0020235360522514994,False
SOX8,-2.548,9.81e-28,22.897231765124047,-2.0520824237003525,0.37191337645868705,-5.517635432314982,3.4359127801998675e-08,8.533848486635951e-07,True
ELOVL3,-2.554,2.84e-08,24.815735766355633,-0.10382135566544264,0.27233794757379104,-0.3812225089832985,0.7030381482275737,0.7946852085355625,True
DANT2,-2.562,3.0199999999999995e-23,8.202838464163543,-0.3524558343061022,0.543052645208689,-0.6490270094728244,0.5163209183922872,0.6458168774878056,True
AHNAK2,-2.572,3.29e-19,2501.406913285071,-1.0023657387693936,0.2926484408212224,-3.425153183651282,0.0006144528707707628,0.003292702789679753,True
GRIA2,-2.573,1.92e-21,2.921307558833558,-2.6571835714924226,1.152203817905901,-2.3061749407511782,0.021100859210416878,0.05814918755444517,True
ESRRG,-2.586,8.26e-25,25.027290097310132,-3.2359157999929975,0.7155044785608538,-4.52256540238802,6.109459999757209e-06,7.080741486425067e-05,True
KLF2,-2.59,3.58e-40,1320.376008119693,-1.1793551697317968,0.35881887655084505,-3.2867701417171142,0.0010134351848246344,0.004993535305156676,True
SORBS2,-2.595,2.99e-17,267.3621568495102,-0.886229305994615,0.5569238214807685,-1.5912935877626453,0.11154351921705849,0.2118781298778452,True
SH3RF1,-2.601,2.89e-27,194.2395566869077,-0.834510970000921,0.2001855251469385,-4.168687867858479,3.063581882071726e-05,0.00027046891729714455,True
TSC22D3,-2.606,1.65e-21,1713.3127019998576,-0.8641556065766345,0.337445027875737,-2.5608781733031103,0.010440796133540254,0.03333065392503659,True
PPFIBP1,-2.607,5.8e-40,771.7281843973302,-1.0868291002768644,0.2594840833109004,-4.188422990764648,2.8089959544804637e-05,0.0002518798261735761,True
ZBTB16,-2.611,2.37e-13,170.54060771737358,-1.621788964821247,0.4373404950998007,-3.7082981864077236,0.00020865686130962807,0.0013481707165554657,True
SPX,-2.612,2.51e-12,1.3480073543705855,-0.4513464967804304,0.842836782578249,-0.5355087795287664,0.5922980882581371,0.7075775819459625,True
RGPD5,-2.627,1.8700000000000002e-37,76.35736791560463,-2.160795680280878,0.42281858742718315,-5.110455747532636,3.2138258605289233e-07,5.837357175246412e-06,True
TIAM2,-2.634,1.23e-43,46.5555217587189,-0.42870028768336327,0.23128682171614848,-1.8535439438460293,0.063804433703798,0.13756703669115677,True
PHYHIP,-2.636,5.07e-28,192.74449052736207,-2.5424048539751674,0.5046370534316084,-5.038085960367812,4.70210272664878e-07,8.028530315045399e-06,True
AGTR1,-2.642,5.06e-11,85.90066062752383,-0.8888521011640346,0.7334695192758824,-1.2118459974199796,0.22557133710144373,0.35767231538021216,True
SCGB2A1,-2.647,1.64e-11,40.05097803653969,-2.946428980578899,0.8176874831490475,-3.6033680853615637,0.00031412020057108197,0.0018873720068068385,True
PLAAT3,-2.65,1.24e-11,261.09840224715305,-0.11455277747031506,0.4667601225376473,-0.24542108877579963,0.8061304017457742,0.8704350106809087,True
C7,-2.662,5.72e-21,70.12718843661912,-1.0748711507611108,0.8229621257548916,-1.3061003867889385,0.1915184214637926,0.316726036115408,True
NEDD9,-2.684,8.85e-20,220.93938130160413,-0.8387695409346252,0.30253301969810215,-2.7724892369488585,0.005562935901437892,0.020046869641594738,True
KRT19,-2.688,1.79e-10,314.12932737409113,-1.951357382252141,0.8479839567115273,-2.301172524324026,0.021381881268609716,0.05874929044217951,True
ZFP36,-2.689,2e-27,33129.94128128552,-0.595630875535799,0.34612915320699744,-1.7208341742297295,0.08528091917543888,0.17276180136450822,True
PER1,-2.691,8.079999999999999e-23,805.3916651050091,-0.8094461848528922,0.23334475247531916,-3.468885313538419,0.0005226225014670433,0.00288678992276598,True
RHOB,-2.706,4.64e-40,5336.718403895081,-0.7190205958180975,0.27544494224983446,-2.6103967999743865,0.009043725437552354,0.02973737305205023,True
ACACB,-2.716,1.75e-22,101.51811012683112,-0.6546595518995173,0.43324737163636645,-1.5110525643280455,0.13077505902466935,0.23868569575231505,True
G0S2,-2.742,1.39e-09,945.2928251822491,0.5455244847670943,0.4774890736385971,1.1424857968163518,0.2532521464988301,0.3892542166809391,False
GADD45B,-2.752,2.9699999999999998e-30,12457.842496235295,-1.2260641622695596,0.27220459482954046,-4.504200831133448,6.6623179754427765e-06,7.639187668039387e-05,True
GABRP,-2.768,3.38e-19,8.232121815057702,-0.6346425908656826,0.7746056215646571,-0.8193105926390549,0.41260923057646814,0.5513968784049464,True
FADS2,-2.78,1.5e-13,66.15448389696574,-0.3685384716352759,0.43816627538017255,-0.8410927365770346,0.4002959838751049,0.540817344438472,True
CD300LG,-2.788,2.28e-16,42.92592315231327,0.28259240316896456,0.7458361734398363,0.37889339942528305,0.7047670259113528,0.7959972936215887,False
ATP6V0A4,-2.845,6.4e-28,8.54801052671285,-1.522059411459212,0.7577267610803387,-2.0087180361547694,0.04456704485309816,0.10448381934608458,True
WEE1,-2.85,2.66e-14,758.16338559038,-0.8574221902847851,0.3762106299516678,-2.2791014448340787,0.02266103565842642,0.06148097569719146,True
JUN,-2.853,2.28e-47,33505.308929877145,-0.8618634510429268,0.28813815560501554,-2.9911465534067734,0.0027793207237156946,0.01147174698716275,True
FADS1,-2.874,7e-13,119.35979009595995,0.030346135422447917,0.43412353246461804,0.0699020743016763,0.9442716021162408,0.9644085981257963,False
SLC2A3,-2.879,1.38e-28,838.5372359837526,-1.709957242868792,0.510680449521907,-3.3483898678119233,0.0008128257923642624,0.004168537556998955,True
RHPN2,-2.887,9.62e-18,15.129359129891272,-1.6317392972105285,0.34582298063725375,-4.718423553587142,2.376792490858112e-06,3.18183026938773e-05,True
HSD11B1,-2.905,1.4600000000000001e-27,70.93214851087839,-2.060216396757678,0.43583732419583066,-4.727030665762761,2.2782686904446893e-06,3.072210809842081e-05,True
H2BC8,-2.916,1.51e-19,291.73229479456944,1.8603159787491403,0.29510142793067934,6.303988400849544,2.9008221235839426e-10,1.3211420161994247e-08,False
HAO2,-2.929,9.33e-19,2.6555691709343416,0.09555173049595295,0.9164559916236771,0.10426221375525603,0.9169612634918773,0.9467077312525897,False
THRSP,-2.941,2.06e-12,2.0951068601423684,1.5748679915439463,1.4790491513108355,1.0647840811430707,0.2869736504909908,0.42725009928818314,False
FABP4,-2.951,4.1e-09,1032.2779383365928,1.059241223098797,0.8194600805849874,1.2926086922289581,0.19614643177093194,0.3225363679062077,False
NR4A1,-3.048,1.42e-39,5432.615257996272,-1.090633174391684,0.3725901823283184,-2.927165626255395,0.003420666623827558,0.01361383251070554,True
DUSP1,-3.064,4.39e-55,22508.841804934797,0.33238178553147824,0.2995908731297556,1.109452307605915,0.26723510782078574,0.4044025436097757,False
PIP,-3.072,5.89e-08,1048.8512587875239,-2.4349641420317765,1.4821548229822197,-1.642854109621574,0.10041312171382953,0.19537477498701025,True
CDO1,-3.13,2.12e-15,31.48004311746847,-0.8387212668193359,0.7222124531358065,-1.161322077980869,0.24551094430010756,0.3803665605461882,True
WDR72,-3.134,3.98e-22,2.6987130991647246,1.330841816074333,0.801479041642578,1.660482366883682,0.09681745231167871,0.19013107902610446,False
CYP4F8,-3.154,8.67e-23,5.713877118777025,-0.3636772232021659,0.9673223876817229,-0.37596278948298906,0.7069445596634929,0.7975669885603026,True
TIMP4,-3.199,1.14e-13,12.409913322691231,0.525944136800199,0.6866666769804088,0.7659380517968614,0.44371316314427,0.5807422282329416,False
SIK1,-3.214,5.6e-37,480.104636127282,-2.209737595864115,0.3663165019317005,-6.032317911454939,1.6162441574962065e-09,5.9419922898655715e-08,True
KRT7,-3.222,6.86e-17,192.06601269492685,-1.5560771555251773,0.6882270712732844,-2.260993820900258,0.023759639697915894,0.06381314019206381,True
EGR1,-3.233,6.29e-26,11770.880426058548,-1.2114065976678392,0.3327878370493681,-3.640176901922442,0.0002724507922354915,0.0016878042117604694,True
WFDC3,-3.237,7.030000000000001e-26,23.04557060624504,-1.3486569347579525,0.5062959178658942,-2.6637720889449867,0.00772698945258428,0.026256521588800544,True
APOLD1,-3.277,5.04e-26,177.27645693208012,-1.1566624407173378,0.40849349799030416,-2.831532071888184,0.0046325587462378555,0.01733683538426858,True
PPP1R1B,-3.278,6.6499999999999995e-25,47.4499286628632,-2.4045982468107296,0.5438215511446168,-4.421667809504082,9.794195471679726e-06,0.00010518050038968271,True
GAL,-3.283,1.32e-10,67.94746292206243,0.84910451918602,0.5614816124106801,1.5122570364155865,0.13046848622220644,0.2383062437310642,False
PLIN1,-3.307,2.49e-09,2.2595140577005792,-1.3594175710454042,0.6478337614714661,-2.0984049487598058,0.035869388502591144,0.08817702133908929,True
SERHL2,-3.312,1.46e-16,74.62225862669146,-1.6024286507563208,0.5469291281636599,-2.9298652571980393,0.003391090128872438,0.013518791555191353,True
PPARGC1A,-3.321,3.96e-34,29.17534149683753,-1.9911876778696824,0.4059990682140556,-4.904414403285933,9.370647260281196e-07,1.4535731697865385e-05,True
PDK4,-3.344,9.170000000000001e-21,273.23176835606887,-2.0684992643328193,0.46713660127304335,-4.428039375839386,9.509354421437977e-06,0.00010264248901345398,True
GPD1,-3.352,5.23e-15,4.037767633700525,0.45103285959544476,0.5645358478281408,0.7989445866558162,0.4243225439361493,0.5625328660921145,False
TLCD4,-3.359,5.36e-26,19.33890743404295,-0.3672959288424565,0.38642950489335465,-0.9504862444285186,0.34186524008116803,0.48407302142086506,True
PM20D1,-3.361,2.7e-12,3.0403725924208187,-1.079315500967061,0.8368552814550198,-1.2897277759787589,0.19714519209961912,0.3238250771491744,True
ADIPOQ,-3.362,9.57e-09,0.15106380030539376,-1.1015456237031256,2.711176287019402,-0.4062980444971863,0.6845236220506365,,True
CCN1,-3.396,2.69e-26,2321.467681756979,-1.0318458300029008,0.2957946732833849,-3.4883854349004624,0.0004859470198982042,0.002727310953996836,True
BTC,-3.409,6.06e-14,38.52703039652002,-2.257547986037365,0.46731807221561744,-4.830859579930278,1.3594485897492682e-06,2.0021816116763975e-05,True
DEPP1,-3.463,6.58e-19,502.8441759598205,0.6803167230328498,0.43711406210529063,1.5563826058494026,0.11961713887403344,0.22335471085382608,False
ATF3,-3.475,2.0899999999999997e-23,8438.724459118745,-0.8133666377220261,0.31285462295888544,-2.5998229785753133,0.009327186107386674,0.030468620555819163,True
RBP4,-3.511,2.33e-10,24.663772255645025,0.08047116163953219,1.1154264032885899,0.0721438558404935,0.9424874252173423,0.9632885194431294,False
NR1D1,-3.56,3.97e-24,1598.354655283608,-0.8549007510854012,0.3915805457479365,-2.1832053720965687,0.02902068933285119,0.07463061932936449,True
ADRB2,-3.568,4.69e-41,1310.8504130483766,-1.3001032332681473,0.38512534424134703,-3.375792460060509,0.0007360341824220019,0.003833623539754684,True
HSD3B1,-3.592,1.33e-19,1.6102541689690872,-1.7390166774978197,3.294177813106636,-0.5279061350540175,0.5975644863444085,0.7116814635078881,True
SCGB1D2,-3.613,7.08e-12,566.3439974745761,-2.6589106378452754,1.180584155637611,-2.252199155094749,0.024309689398535537,0.06489875834929622,True
CLDN8,-3.679,2.4e-50,39.43953133897227,-2.993980053821095,0.3381566364610671,-8.853826100100214,8.456911617017741e-19,2.441076109993229e-16,True
PPP1R1A,-3.77,7.57e-18,11.336330738378715,-1.6589500881998511,0.8273847967786977,-2.0050526606951586,0.044957417580895796,0.10520272124539157,True
STC1,-3.796,1.2699999999999999e-24,92.00328107165932,-1.1842028322536817,0.6295924236256357,-1.8809038797420867,0.05998499536759783,0.13123829776215196,True
LPL,-3.814,3.67e-16,82.1074569841127,-1.6037115779231472,0.551398204434822,-2.908445412090046,0.0036323058416836257,0.014273775595850243,True
KRT77,-3.871,1.39e-38,544.8202288286401,-4.412632992886788,0.37995649053751424,-11.613521818364926,3.518202635734582e-31,3.4158549226950303e-28,True
ACVR1C,-3.952,5.39e-19,7.371566102859623,-0.23028428337124515,0.4922012330869392,-0.46786612444461156,0.6398803299428102,0.7459104172229833,True
IL6,-4.328,4.54e-20,287.3003783315728,-1.2594909881394327,0.7309636117500923,-1.7230556595340312,0.0848784601827381,0.1721123922342652,True
MUC7,-4.423,1.1500000000000002e-47,0.6350279164424513,-2.956305194732717,2.229109894540122,-1.3262267607235307,0.1847645977475474,,True
FOSB,-4.455,2.74e-22,10376.173258582081,-1.1411584729218758,0.27102340069747227,-4.210553295343249,2.547460164438037e-05,0.0002337360357061704,True
CYP1A1,-4.622,3.76e-17,274.41446760431575,-2.3800748492462707,0.6171949792650084,-3.8562770748404365,0.00011512699033402873,0.000820251005181739,True
FOS,-4.924,8.19e-35,28201.95053468589,-1.340235753540234,0.2930015351535507,-4.574159493184459,4.781355169557008e-06,5.779838507172478e-05,True
