,Eccrine_gland,Endothelial,Fibroblast,Keratinocyte,Mast,Melanocyte,Myeloid,Nerve,Smooth_muscle,T_cell
A2M,0.04146341463414635,0.9465811965811953,0.18637127257454955,0.008181372330464986,0.007476635514018692,0.027841168416248292,4.912867956265652,0.17407407407407413,1.7128268991283004,0.014349967873206254
ACAP1,0.031707317073170725,0.010683760683760684,0.04430911381772373,0.05370279548798271,0.016822429906542057,0.017343678685531716,0.0973927670311188,0.17037037037037048,0.021917808219178055,0.8991218676376106
ACTA2,0.17560975609756102,0.07692307692307694,0.4187316253674882,0.03934638191626813,0.03738317757009346,0.11775445002282034,0.3838519764508002,0.06296296296296296,20.826899128268916,0.044549153994431434
ADGRG1,0.35365853658536606,0.03632478632478632,0.018479630407391808,0.4575326586117254,0.003738317757009346,2.6458238247375787,0.23549201009251355,0.03333333333333333,0.021668742216687402,0.059113300492610966
ADGRL4,0.0024390243902439024,0.12179487179487188,0.0066148677026459475,0.0018948682509251447,0.003738317757009346,0.0018256503879507074,1.7108494533220873,0.007407407407407408,0.009215442092154415,0.0027843221246519594
ADIRF,4.773170731707312,17.0470085470086,8.563943721126002,0.9622809755230042,0.5943925233644874,0.7097215883158435,12.059714045416074,3.359259259259256,20.09987546699872,0.11201542086099749
AEBP1,0.01951219512195122,0.18162393162393176,3.4769004619908586,0.012127156805920932,0.014953271028037384,0.9785486079415869,0.09184188393608095,0.23333333333333348,1.4592777085927848,0.01563503962304563
ALOX5AP,0.0024390243902439024,0.002136752136752137,0.006719865602687947,0.0024521824423737165,0.3439252336448603,0.0013692377909630305,0.48864592094196946,0.0,0.00398505603985056,0.8738487898907683
ANXA1,2.2463414634146353,2.574786324786319,6.5352792944144715,5.056779169824219,5.220560747663538,3.40392514833409,3.5132043734229415,1.451851851851851,1.9220423412204501,4.972370957378301
APOD,0.04146341463414634,2.497863247863244,15.007664846703886,0.056846047527753275,0.06355140186915888,5.110908261067932,0.40302775441547745,3.533333333333332,0.13748443337484512,0.06382523024202186
APOE,1.7756097560975612,0.3012820512820513,9.511549769004757,7.503901199339019,0.2766355140186917,27.8566864445458,0.5835155592935273,0.2962962962962964,2.86625155666254,0.17733990147783193
APP,3.1902439024390263,3.955128205128195,1.8454430911382231,0.9549244281959456,0.022429906542056077,1.085805568233695,1.7026072329688589,0.6925925925925921,0.7427148194271327,0.07089312486613834
AQP1,0.04390243902439024,0.08333333333333334,2.3153086938261844,0.021356279816309127,0.009345794392523366,0.0314924691921497,7.967199327165625,0.48888888888888926,0.27870485678704976,0.016920111372885
AQP3,1.0951219512195127,0.2905982905982906,0.44508609827803297,12.824156226313185,0.2242990654205607,0.5933363760839819,0.45315391084945544,0.20370370370370372,0.38405977584059775,0.6187620475476542
AQP5,10.48536585365849,0.002136752136752137,0.00251994960100798,0.026416692674662186,0.0,0.0022820629849383844,0.0025231286795626582,0.0,0.0014943960149439602,0.0021417862497322766
ARHGAP29,0.582926829268293,2.7863247863247804,0.5365392692146149,0.11866333764322551,0.02429906542056075,0.016430853491556364,1.4748528174936717,0.07777777777777778,0.9586550435865316,0.00792460912400942
ARHGDIB,0.4512195121951222,0.11965811965811976,0.2203905921881591,0.4494627491195178,0.6280373831775721,0.040620721131903265,1.9555929352396653,0.07407407407407407,1.8236612702366308,2.2493039194687596
ARL4A,0.9097560975609762,3.952991452991444,0.2859092818143651,1.2103749609880046,0.2168224299065419,0.9698767685988244,1.0526492851135507,0.30740740740740763,0.10485678704856859,0.29449560933818625
ASAH1,0.7000000000000004,0.4594017094017088,0.6520369592608257,0.8213473627895076,0.40373831775700975,3.8544043815609172,0.481412952060561,0.662962962962962,0.9641344956413301,0.13214821160848003
ATP1B1,5.139024390243889,0.02564102564102564,0.046409071818563706,0.7468901868118386,0.0504672897196262,1.5052487448653769,0.3268292682926842,0.8259259259259252,0.06550435865504353,0.17005782822874077
ATP5F1E,7.446341463414596,14.925213675213723,4.545674086518467,9.069196130009455,1.1644859813084167,6.419899589228608,7.285281749369066,2.1962962962962953,2.8525529265255862,3.476119083315321
AZGP1,16.553658536585335,0.002136752136752137,0.0035699286014279717,0.10448526461277775,0.0,0.03833865814696489,0.0015138772077375945,0.9962962962962955,0.00099626400996264,0.0017134289997858213
B2M,11.736585365853628,61.81196581196591,39.89426711465732,58.48450666547814,10.973831775700939,62.73162939297127,69.02859545836877,19.470370370370382,33.42291407222913,41.749196830156286
BACE2,0.1390243902439025,1.1880341880341854,0.2803443931121388,0.07334254759462934,0.11028037383177562,3.0935645823824722,0.570227081581169,0.2851851851851854,0.1384806973848085,0.00535446562433069
BCAN,0.0,0.002136752136752137,0.006929861402771945,0.0018279905479513154,0.001869158878504673,3.188041989958902,0.006391925988225402,0.003703703703703704,0.006724782067247816,0.001285071749839366
BIRC3,0.19024390243902445,0.08119658119658123,0.15938681226375537,0.08754291319273874,0.272897196261682,0.1725239616613413,1.2057190916736742,0.28518518518518543,0.053300124533001175,1.2947097879631386
BSG,1.1853658536585374,1.2264957264957246,1.5637337253255332,2.0974185206652525,0.1738317757009344,4.908261068005457,1.3021026072329518,1.1148148148148134,1.3153175591531807,0.36388948382951525
BTG1,3.5219512195121974,3.032051282051275,2.1894162116758276,11.435039457843686,0.8112149532710303,5.714285714285679,6.170731707316908,4.099999999999993,2.512577833125839,6.706789462411377
C11orf96,0.11219512195121953,0.08974358974358979,0.9830953380932523,0.20850238530474607,0.007476635514018692,1.6234596074851877,0.7850294365012692,0.7666666666666662,7.044831880448421,0.023559648747055066
C19orf33,1.2390243902439029,0.05982905982905982,0.13334733305333873,4.327321770920926,0.06168224299065423,0.1994523048836145,0.2250630782169888,0.05185185185185184,0.11407222914072251,0.09616620261297912
C1R,0.08048780487804881,0.2478632478632478,8.512179756405208,0.5378304873155938,0.031775700934579446,0.07120036513007758,0.22523128679562582,0.4222222222222224,1.2874221668742254,0.04219318911972589
C1S,0.03414634146341464,0.12393162393162399,7.75923981520394,0.1819073520888252,0.06168224299065421,0.06663623916020082,0.1503784693019346,0.3592592592592594,1.1023661270236622,0.02655814949668025
CADM1,0.06829268292682929,0.0,0.07433851322973564,0.18052521289403586,0.0,0.5413053400273881,0.054499579478553224,1.418518518518518,0.19576587795766115,0.023131291497108613
CALD1,0.5512195121951222,3.7756410256410176,4.003674926501571,0.8490793169559372,0.05046728971962618,4.164308534915548,1.6136248948696172,1.003703703703702,12.244831880448451,0.06596701649175417
CALM2,7.846341463414597,3.7051282051281973,5.379987400252288,6.10189932676388,1.1962616822429954,3.991328160657229,3.6174936921781886,6.870370370370372,6.947696139476994,1.4313557506960408
CAMK2N1,1.7024390243902447,0.22008547008547016,0.3621377572448514,0.027464443354585293,0.011214953271028038,0.3130990415335462,0.06408746846089129,0.11111111111111115,0.20896637608966645,0.05183122724352121
CAV1,0.2756097560975611,8.621794871794881,4.294309113817872,1.357060056177257,0.05420560747663553,4.027384755819257,6.514718250630661,1.4592592592592586,6.269738480697442,0.0702505889912187
CAVIN1,0.7341463414634151,3.9017094017093927,2.9792104157917816,0.8000133755407938,0.06168224299065424,0.780921953445924,3.6968881412951395,0.9185185185185172,3.4122042341221035,0.046905118869136925
CAVIN2,0.004878048780487805,5.16239316239315,0.04000419991600169,0.006710062865040767,0.42990654205607554,0.0036513007759014153,0.6215306980656121,0.05185185185185185,0.3696139476961382,0.0027843221246519594
CAVIN3,0.09268292682926833,0.7521367521367508,2.153086938261282,0.26987382406708926,0.039252336448598144,1.9479689639434339,1.4716568544995634,1.9407407407407404,2.0719800747198254,0.05804240736774479
CCDC80,0.09512195121951222,1.826923076923073,8.55659386812308,0.07811315707343001,0.05420560747663553,1.3692377909630533,0.21110176619007515,0.37407407407407434,0.7307596513075819,0.029128292996358992
CCL21,0.00975609756097561,137.85470085470092,0.01784964300713979,0.01680859601408891,0.007476635514018692,0.03012323140118668,0.09486963835155607,0.018518518518518517,0.3227895392278958,0.008352966373955877
CD2,0.0,0.002136752136752137,0.006194876102477951,0.0015604797360560003,0.0,0.003651300775901415,0.024390243902439004,0.0,0.0037359900373599006,1.2328121653458792
CD34,0.007317073170731707,0.8803418803418795,0.5602687946241093,0.00566231218511747,0.003738317757009346,0.006389776357827477,2.737762825904058,0.022222222222222223,0.025902864259028623,0.005782822874277144
CD37,0.0024390243902439024,0.010683760683760684,0.007769844603107938,0.0033438851486914337,0.29719626168224317,0.004107713372889092,0.4190075693860411,0.0,0.009464508094645073,1.0687513386163958
CD3D,0.004878048780487805,0.008547008547008548,0.011444771104577901,0.0029203263631905167,0.005607476635514019,0.004107713372889092,0.009756097560975613,0.0,0.00547945205479452,1.9882201756264313
CD3E,0.004878048780487805,0.002136752136752137,0.0040949181016379675,0.003054081769138175,0.0,0.0018256503879507074,0.0055508830950378495,0.0,0.00199252801992528,1.057185692867845
CD3G,0.0,0.006410256410256411,0.003254934901301974,0.000802532435685942,0.0,0.003194888178913738,0.004037005887300254,0.0,0.0027397260273972603,0.7509102591561384
CD48,0.0,0.004273504273504274,0.00377992440151197,0.001783405412635429,0.03364485981308413,0.005020538566864446,0.26038687973086627,0.0,0.00199252801992528,1.0606125508674111
CD52,0.01707317073170732,0.021367521367521368,0.02015959680806383,0.007356547327121117,0.19813084112149518,0.00730260155180283,0.7396131202691375,0.003703703703703704,0.010709838107098378,3.5609338188047817
CD53,0.0,0.0,0.003044939101217976,0.0016942351420036578,0.054205607476635546,0.0009128251939753537,0.2830950378469311,0.0,0.00049813200498132,0.6427500535446579
CD59,4.6975609756097505,6.572649572649558,2.151616967660679,1.2063400062419367,0.16822429906542039,9.724783204016394,2.888814129520513,2.8925925925925915,2.2779576587796107,0.12443778110944435
CD63,4.048780487804877,7.797008547008527,14.173456530870206,1.5057960675909803,2.261682242990664,21.089456869009542,5.489991589570918,4.5740740740740735,6.353175591531802,0.8295138145213105
CD69,0.0024390243902439024,0.01282051282051282,0.011654766904661891,0.00586294529403896,3.1364485981308485,0.006389776357827476,0.15744322960470994,0.0,0.005977584059775838,3.020561147997366
CD74,1.9146341463414638,0.8952991452991449,0.6249475010499809,0.5519639752106966,0.08971962616822426,0.3340940209949792,45.569554247267035,0.6037037037037037,0.14794520547945295,1.3000642535874731
CD9,6.4731707317073,13.933760683760742,9.4080218395637,7.4713540505591345,0.8149532710280394,4.585577361935158,3.1833473507147825,10.85185185185184,2.279701120797049,0.34354251445705697
CD93,0.007317073170731707,0.07905982905982907,0.006719865602687947,0.0032993000133755487,0.005607476635514019,0.0027384755819260614,1.7643397813288173,0.003703703703703704,0.09115815691158201,0.003426857999571642
CD99,0.7073170731707322,6.487179487179474,7.731100377992832,1.7333363056754492,0.6654205607476655,6.459151072569582,3.747350714886358,1.396296296296296,2.0500622665006554,1.4863996573141547
CDC42EP3,0.12682926829268296,0.16239316239316248,0.15718185636287346,0.17105087163940647,0.2747663551401868,4.714285714285676,0.9364171572750408,0.24074074074074095,0.08493150684931532,0.292139644463481
CDH19,0.02195121951219512,0.002136752136752137,0.01606467870642587,0.0006687770297382849,0.003738317757009346,0.7745321770880955,0.002523128679562658,2.4592592592592566,0.005230386052303859,0.001927607624759049
CFD,0.31463414634146347,0.1773504273504274,49.10846283074294,0.6721432074547972,0.23925233644859814,0.2638064810588765,0.6558452481076597,1.0370370370370368,1.6570361145703698,0.19019061897622494
CFH,0.00975609756097561,0.6688034188034178,5.959365812684106,0.011659012885104125,0.02242990654205608,0.04016430853491556,0.2304457527333885,0.1259259259259259,0.6565379825653745,0.03790961662026136
CHCHD10,3.324390243902441,0.9273504273504259,0.8334733305334028,1.590218021311621,0.09906542056074766,0.5536284801460561,0.35340622371741126,0.3703703703703708,1.3586550435865548,0.2842150353394715
CITED4,4.675609756097559,0.6260683760683753,0.07045359092818158,1.0038566142050378,0.013084112149532711,0.05568233683249659,0.19697224558452453,0.06666666666666667,0.11556662515566712,0.05825658599271802
CLDN3,1.3560975609756105,0.0,0.0003149937001259975,0.00537250880556422,0.0,0.0009128251939753537,0.000336417157275021,0.003703703703703704,0.00024906600249066,0.0
CLDN5,0.026829268292682923,9.574786324786343,0.030029399412011677,0.00951892638994159,0.009345794392523366,0.012779552715654948,6.402186711522188,0.029629629629629624,0.035118306351183036,0.01285071749839366
CLDN7,1.1707317073170738,0.004273504273504274,0.004409911801763965,0.043425921797671824,0.0,0.013692377909630297,0.034987384356602036,0.007407407407407408,0.01170610211706101,0.00920968087384879
CLEC14A,0.00975609756097561,0.5256410256410251,0.08158336833263334,0.0024075973070578315,0.001869158878504673,0.002738475581926061,2.2824222035323296,0.22222222222222238,0.009464508094645075,0.006425358749196828
CLIC1,1.4731707317073182,2.850427350427344,2.602162956740946,5.376097908956578,1.7719626168224387,2.643085349155649,4.243734230445641,0.6888888888888886,1.7897882938979006,2.2026129792246154
CLIC4,0.4000000000000003,0.16666666666666677,0.48120537589247375,0.3231530607695949,0.037383177570093476,1.2583295298950476,0.855845248107671,1.618518518518517,0.5193026151930217,0.027843221246519636
CLU,2.3634146341463427,5.395299145299135,5.011864762704873,0.12421418699005392,0.6822429906542075,1.0082154267457866,4.295710681244672,3.7666666666666626,0.8054794520547892,0.2508031698436458
CMA1,0.0,0.002136752136752137,0.004619907601847963,0.0008694101386597704,1.1981308411214986,0.00045641259698767686,0.0011774600504625735,0.007407407407407408,0.00074719800747198,0.0008567144998929107
CNN3,1.4634146341463425,2.4700854700854653,1.628412431751395,0.2807971822194785,0.020560747663551402,0.4637151985394823,1.1809924306139556,2.4925925925925894,1.3544209215442182,0.014992503748125949
CNP,0.15609756097560984,0.22008547008547,0.26942461150777186,0.3743145035445876,0.011214953271028038,0.49748973071657004,0.18772077375946133,2.140740740740738,0.16264009962640305,0.05482972799314641
COL18A1,0.15365853658536593,1.7820512820512786,3.367597648047097,0.3855276650765351,0.04299065420560749,0.5864901871291698,1.0055508830950515,1.8074074074074071,2.480946450809513,0.046476761619190496
COL1A1,0.10975609756097562,0.44444444444444425,55.8839773204517,0.14991751749966883,0.05420560747663553,0.3277042446371517,0.6528174936921817,0.8962962962962957,2.665753424657576,0.15699293210537488
COL1A2,0.10000000000000005,0.38034188034188,52.05375892482023,0.07942841856524777,0.07289719626168224,0.41898676403468726,0.6390243902439061,1.8518518518518519,3.1200498132005388,0.14478475048190095
COL28A1,0.01951219512195122,0.0,0.006089878202435952,0.0012260912211868567,0.0,0.0018256503879507074,0.001345668629100084,1.4037037037037015,0.0014943960149439602,0.001285071749839366
COL3A1,0.051219512195121955,0.24572649572649574,39.69141117177616,0.05660082928351545,0.11028037383177565,0.20858055682336818,0.47872161480235687,1.3444444444444434,2.776587795765911,0.08802741486399643
COL6A1,0.10000000000000005,0.5961538461538454,15.625682486351218,0.08881358954924105,0.03738317757009347,0.6873573710634484,0.3572750210260746,0.7740740740740736,2.27696139476965,0.06275433711715576
COL6A2,0.07073170731707318,1.4081196581196556,24.035384292315786,0.09166703820945797,0.05046728971962618,0.9283432222729419,0.39209419680403834,0.8925925925925919,3.2789539227895923,0.10730349111158663
COL6A3,0.004878048780487805,0.03205128205128205,6.012494750105267,0.011034820990681714,0.04299065420560749,0.026471930625285266,0.13103448275862078,0.0888888888888889,1.0448318804483139,0.032340972370957406
CORO1A,0.014634146341463415,0.008547008547008548,0.017324653506929834,0.009318293281020108,0.007476635514018692,0.006846188954815154,0.6677880571909204,0.0,0.008966376089663759,1.852216748768433
COX5B,5.992682926829243,3.1132478632478557,2.1106677866442944,6.618351241695543,0.562616822429908,3.932450935645812,2.522624053826667,1.4481481481481453,2.20298879202992,0.8631398586421053
COX7C,8.170731707317032,4.39957264957264,2.9368962620748906,8.95318560791756,0.9327102803738347,3.794157918758544,3.479899074852721,1.6185185185185182,2.9820672478207255,2.11330049261077
COXFA4,7.634146341463377,4.361111111111101,2.99685006299883,6.9003299300008765,1.016822429906546,5.215426745778163,2.857190916736672,2.651851851851848,4.081444582814513,1.2683658170914343
CPA3,0.0,0.002136752136752137,0.001889962200755985,0.000802532435685942,1.3551401869158932,0.00045641259698767686,0.002018502943650126,0.0,0.00099626400996264,0.001285071749839366
CPE,1.4658536585365862,0.09829059829059832,2.221125577488485,0.026751081189531064,0.001869158878504673,0.02373345504335919,0.3258200168208584,0.12592592592592594,3.6936488169365407,0.017134289997858227
CRACR2B,1.5365853658536597,0.7948717948717934,0.004619907601847963,0.011213161531945286,0.001869158878504673,0.01643085349155636,0.2901597981497064,0.011111111111111112,0.005479452054794518,0.010066395373741703
CRIP2,1.187804878048781,4.433760683760674,0.7987190256195037,1.3035801863658414,0.13084112149532703,0.8032861706983202,3.7387720773758653,1.092592592592591,1.5247820672478358,0.19040479760119697
CRYAB,1.4585365853658543,0.04059829059829059,1.4671356572869008,1.161643408087717,0.031775700934579446,5.460520310360559,0.08040370058873007,14.811111111111094,1.6719800747198186,0.02484472049689445
CSRP1,2.3097560975609768,0.25427350427350426,0.496220075598478,0.5594988630791682,0.05233644859813087,1.2195344591510928,0.5727502102607335,1.7962962962962954,2.4371108343711567,0.10623259798672022
CST3,0.7073170731707321,6.641025641025625,18.925346493071284,5.542868607605788,0.7495327102803758,8.281606572341342,23.513708999159153,5.788888888888886,4.953673723536824,0.24159348896979935
CSTA,0.5585365853658537,0.07905982905982908,0.24832003359933,9.593896294974876,0.12710280373831773,0.32861706983112743,0.2820857863751053,0.05185185185185184,0.19925280199252904,0.11844077961019453
CTNNBIP1,0.6829268292682932,0.23717948717948714,0.23845023099538362,4.746667261134427,0.08971962616822428,0.3573710634413513,0.4763666947014365,0.17407407407407416,0.16338729763387422,0.11351467123581012
CTSG,0.0,0.010683760683760684,0.012809743805123858,0.0040349547460876625,5.975700934579435,0.01323596531264262,0.017157275021026066,0.014814814814814815,0.004981320049813199,0.005568644249303916
CTSH,0.16341463414634155,2.128205128205124,0.4749055018899568,0.06302108876900266,0.007476635514018692,0.274303970789593,2.0058873002522613,0.018518518518518517,0.10435865504358703,0.16620261297922317
CTSK,0.04390243902439025,0.07051282051282051,6.671776564469023,0.10633554772838294,0.020560747663551406,1.1725239616613479,0.08915054667788068,0.19629629629629636,0.22764632627646603,0.02934247162133224
CXADR,0.7536585365853663,0.12820512820512825,0.06593868122637556,2.312318872887578,0.05046728971962618,0.11592879963486975,0.073507148864592,0.02222222222222222,0.08069738480697387,0.05225958449346759
CXCR4,0.029268292682926824,0.017094017094017092,0.036959260814783707,0.1433635026082318,0.005607476635514019,0.02053856686444545,0.4694701429772939,0.1481481481481482,0.026400996264009935,2.5223816663096286
CYB561A3,0.14390243902439032,0.22222222222222213,0.17461150776984635,0.41655891925642935,0.0280373831775701,6.145595618439049,0.18637510513036118,0.09629629629629632,0.09613947696139534,0.059755836367530665
CYBA,0.329268292682927,1.1196581196581175,1.8366232675346579,0.2688260733871604,0.3626168224299071,2.3528069374714824,2.2915054667787764,0.6518518518518515,0.6694894146948879,2.07988862711496
CYTIP,0.0024390243902439024,0.004273504273504274,0.0035699286014279717,0.0016273574390298288,0.001869158878504673,0.0027384755819260614,0.29436501261564424,0.0,0.01170610211706101,0.9396016277575437
DAPL1,0.37804878048780505,0.06623931623931625,0.11812263754724873,3.7794373355918407,0.07102803738317759,0.2825193975353715,0.09924306139613129,0.0925925925925926,0.10909090909090938,0.0925251659884343
DBI,11.643902439024338,1.8696581196581161,2.32790844183123,16.11732578358308,1.1327102803738354,6.254221816522085,2.4977291841883096,1.5037037037037022,1.317061021170616,0.9775112443778023
DCD,1644.8317073170736,0.05982905982905982,0.1685216295674101,0.06455927593740084,0.039252336448598144,0.07987220447284331,0.06173254835996606,0.13703703703703707,0.09663760896637658,0.04604840436924401
DCN,0.18048780487804886,0.24358974358974356,60.72049559008669,0.6222747336039771,0.18130841121495322,0.32907348242811435,0.6063919259882309,1.9444444444444455,1.0816936488169346,0.17091454272863427
DCT,0.01951219512195122,0.017094017094017092,0.015644687106257826,0.02782112443711242,0.03925233644859814,65.85120949338207,0.11236333052985728,0.018518518518518517,0.030635118306351166,0.007067894624116509
DEGS1,0.5292682926829271,0.7457264957264943,0.6925661486770367,5.650051272904982,0.15140186915887838,0.6741214057508064,0.45197645079899773,0.3703703703703706,0.5726027397260192,0.26472478046690684
DMKN,2.43658536585366,1.3482905982905966,2.204010919781652,78.1130679031664,1.4056074766355153,3.5047923322683308,1.674348191757754,0.8111111111111101,1.7188044831880567,1.321267937459831
DSC3,0.81219512195122,0.14743589743589747,0.23929021419571722,8.210441838690363,0.15140186915887846,0.3057964399817432,0.1998317914213622,0.07777777777777778,0.21120797011208037,0.16705932747911723
DSG1,0.45121951219512213,0.08974358974358979,0.1757664846703071,7.40987114895773,0.09532710280373832,0.24326791419443133,0.12346509671993308,0.08888888888888889,0.10136986301369895,0.0908117369886485
DSP,4.212195121951215,1.2927350427350406,0.7305753884922338,26.47146551339525,0.41682242990654217,1.0985851209493431,0.8464255677039665,0.29629629629629634,0.6109589041095853,0.44120796744485064
DST,1.321951219512196,1.724358974358971,2.1338723225536147,2.8636140710685125,0.03364485981308413,2.5928799634869764,0.5059714045416382,2.7925925925925874,1.198505603985057,0.07431998286570997
ECSCR,0.00975609756097561,5.275641025641013,0.010184796304073908,0.002964911498506405,0.005607476635514019,0.005476951163852123,1.812279226240511,0.0,0.007970112079701117,0.006853715999143282
EDNRB,0.0024390243902439024,0.8141025641025627,0.2693196136077307,0.0033438851486914346,0.0355140186915888,2.9082610680054892,0.27821698906644254,0.17777777777777787,0.20398505603985315,0.001927607624759049
EFEMP1,0.07073170731707318,4.39743589743589,1.5993280134397438,0.21846716304786815,0.007476635514018692,0.07393884071200361,0.04507989907485274,0.014814814814814815,0.03686176836861765,0.006211180124223599
EGFL7,0.06829268292682927,4.7029914529914425,0.09239815203695889,0.015404164251638605,0.035514018691588795,0.07028753993610222,3.632127838519696,0.014814814814814815,0.032129514321295106,0.008352966373955877
ELK3,0.014634146341463415,2.916666666666661,0.2313103737925284,0.09550135984662317,0.016822429906542057,0.0725696029210406,0.9283431455004361,0.04444444444444443,0.0769613947696141,0.13664596273291768
EMCN,0.0,0.8974358974358959,0.16358672826543533,0.0027196932542690325,0.001869158878504673,0.004564125969876769,1.7195962994112448,0.003703703703703704,0.05952677459526767,0.002570143499678732
EMP3,0.1560975609756098,0.05128205128205127,3.564468710625883,0.1353158856837118,1.3981308411215012,9.350981287083462,1.7157275021025906,1.1629629629629623,0.8552926525529105,1.627329192546545
ENG,0.01951219512195122,0.976495726495725,0.35898782024359205,0.006420259485487515,0.02616822429906543,0.10406207211319003,2.806896551724071,0.08148148148148147,0.10909090909091,0.014564146498179498
EPCAM,1.4048780487804886,0.006410256410256411,0.005144897102057959,0.0671452137857216,0.0,0.0022820629849383844,0.05550883095037824,0.003703703703703704,0.006475716064757159,0.0014992503748125937
EPS8,0.09512195121951222,0.049145299145299144,0.35961780764384366,0.08943778144366314,0.009345794392523366,0.7676859881332817,0.6837678721614918,0.09629629629629631,1.7053549190535722,0.03876633112015429
FABP4,0.004878048780487805,10.920940170940197,0.12347753044939065,0.019751214944937343,0.013084112149532711,0.020994979461433142,6.416316232127796,0.03703703703703703,1.822665006226663,0.02420218462197474
FBLN1,0.08780487804878051,0.08974358974358977,12.368122637548097,0.17673547639218176,0.026168224299065422,0.0944774075764491,0.10883095037846957,0.42222222222222233,0.12004981320049889,0.029985007496251916
FBLN2,0.031707317073170725,0.17948717948717952,4.799244015119879,0.011324624370234983,0.016822429906542057,0.035600182565038795,0.48629100084104787,0.3888888888888892,0.06102117061021163,0.010708931248661383
FCER1A,0.0024390243902439024,0.002136752136752137,0.0040949181016379675,0.003210129742743777,0.6915887850467305,0.0031948881789137383,2.349873843566013,0.003703703703703704,0.0037359900373599006,0.002570143499678732
FCER1G,0.0,0.004273504273504274,0.0072448551028979425,0.004458513531588571,1.4074766355140254,0.004107713372889092,1.4654331370899845,0.0,0.0029887920298879204,0.08417219961447839
FLNA,0.13414634146341467,0.8376068376068364,1.4620957580848768,0.8437959784210253,0.10280373831775694,0.8918302145139279,1.1777964676198478,0.6185185185185181,3.6136986301370624,0.529021203683877
FN1,0.02195121951219512,5.3717948717948625,3.333473330533527,0.008337420304070595,0.016822429906542057,0.9123687813783774,0.911522287636675,0.5481481481481483,0.7205479452054735,0.011779824373527524
FRZB,0.4926829268292685,0.057692307692307696,0.17587148257034949,0.012885104106290962,0.003738317757009346,2.8900045641259657,0.06980656013456683,0.05925925925925926,1.2789539227895494,0.004711929749411008
FSTL1,0.06585365853658537,0.5128205128205123,4.009869802604069,0.022247982522626775,0.01869158878504673,0.820629849383849,0.5914213624894918,0.6962962962962955,0.5320049813200467,0.01477832512315272
FTH1,16.93414634146335,28.790598290598428,40.58063838723206,10.76766685986838,31.233644859813097,45.028297581013156,34.579478553406695,26.133333333333358,18.332254047322472,12.205611479974484
FTL,7.341463414634121,17.68376068376074,34.38376732465387,9.070087832715998,8.289719626168216,32.18621633957095,24.344491169049814,12.055555555555554,10.770361145703712,4.489398158063641
FXYD1,0.017073170731707315,0.019230769230769232,1.5813733725325883,0.008471175710018252,0.044859813084112174,0.041989958922866305,0.10142977291841919,2.962962962962959,1.753922789539257,0.13000642535874776
FXYD3,5.431707317073162,0.24786324786324776,0.34019319613607724,11.277698515314158,0.14766355140186913,1.4550433591967247,0.34667788057190957,0.23333333333333345,0.32577833125778377,0.2818590704647668
FXYD5,0.03414634146341463,2.147435897435894,0.9165266694666272,0.2608230415979616,0.4672897196261693,0.6325878594249263,2.545668629100001,0.22962962962962974,0.35840597758405957,1.6956521739129882
FYB1,0.0,0.002136752136752137,0.027194456110877695,0.0015827723037139432,0.0,0.004564125969876769,0.1677039529015979,0.0,0.0032378580323785804,0.7740415506532448
GATA2,0.007317073170731707,0.3076923076923074,0.005249895002099958,0.001716527709661601,1.2280373831775742,0.004564125969876769,0.32767031118587236,0.007407407407407408,0.0034869240348692405,0.0027843221246519594
GIMAP7,0.00975609756097561,2.2884615384615334,0.009134817303653921,0.005952115564670722,0.009345794392523366,0.004107713372889092,2.074348191757744,0.0,0.013947696139476952,0.3589633754551285
GMFG,0.004878048780487805,1.891025641025637,0.09260814783704323,0.00523875339961656,0.4728971962616835,0.1684162482884519,1.3503784693019165,0.0,0.14146948941469586,1.1126579567359038
GMPR,0.10975609756097565,0.01282051282051282,0.07538849223015542,0.010455214231575208,0.061682242990654244,3.175262437243275,0.05382674516400308,0.011111111111111112,0.03885429638854292,0.002570143499678732
GNAI2,0.22926829268292698,3.5790598290598217,1.211675766484701,0.5202862365688675,0.15140186915887838,1.2418986764034878,3.11269974768704,0.7037037037037032,0.6388542963885325,0.5512957806810939
GNAS,4.970731707317067,8.93376068376069,3.771209575808623,2.6058005261041193,0.39626168224299135,4.768598813327164,3.8873002523127558,1.5962962962962959,2.4742216687422687,1.0768901263653714
GNG11,0.3073170731707318,18.235042735042803,1.4045569088618632,0.03198983458914739,0.022429906542056077,1.7558192606116227,8.43078216989053,0.4518518518518522,0.8966376089663604,0.03212679374598419
GPM6B,0.09512195121951222,0.04059829059829059,0.1960310793784143,0.04694814748762635,0.02429906542056075,4.870378822455462,0.09873843566021899,6.014814814814815,0.7835616438356084,0.05225958449346767
GPNMB,0.19756097560975616,0.05341880341880341,2.785069298614132,2.7045788933965125,0.13644859813084104,9.674121405750705,0.16013456686291017,0.2074074074074075,0.6134495641344855,0.06746626686656673
GPX4,4.158536585365851,2.0961538461538414,4.872322553549136,3.0475054616789126,0.7252336448598159,2.5508900045641396,2.704457527333822,1.3999999999999986,1.8953922789539503,0.8845577211394249
GSN,1.4414634146341472,1.7371794871794832,26.79777404452065,1.51188193856156,0.21308411214953257,3.0693747147421107,7.297224558452321,5.23333333333333,3.571357409713631,0.1533518954808304
GSTP1,4.7878048780487745,3.623931623931616,4.718920621587803,18.633465602566858,0.5850467289719632,20.882701962574107,3.629436501261464,1.9851851851851847,3.4966376089664326,0.9327479117583999
GYPC,0.02195121951219512,4.1730769230769145,0.9551658966820858,0.008961612198493007,0.04672897196261685,2.955271565495191,0.3766190075693887,0.09999999999999999,0.5312577833125708,0.43778110944528115
H3-3B,11.724390243902379,7.7521367521367335,9.519529609408538,34.4454946720763,9.693457943925207,12.0205385668644,12.384524810764963,12.114814814814801,9.19800747198014,7.620261297922109
HCST,0.012195121951219513,0.004273504273504274,0.013964720705585871,0.021980471710731475,0.19439252336448576,0.017343678685531713,0.4928511354079088,0.02592592592592592,0.008717310087173098,1.8624973227671295
HDC,0.0,0.0,0.000629987400251995,0.0004904364884747423,0.5495327102803752,0.00045641259698767686,0.0008410428931875525,0.0,0.00049813200498132,0.0008567144998929107
HINT1,7.187804878048748,5.510683760683747,2.0594288114238015,10.829172054036471,0.5700934579439264,4.107256960292088,3.969386038687869,1.7185185185185174,2.0154420921544465,2.1479974298564257
HLA-A,2.0365853658536595,18.805555555555582,8.492965140697502,10.236813946229491,0.6336448598130858,16.94933820173434,12.12413793103424,2.877777777777777,6.163636363636398,7.431569929320734
HLA-B,2.729268292682928,14.967948717948756,7.677551448971228,13.294417941057839,0.8205607476635536,8.598813327247802,16.166694701429584,2.7296296296296254,6.967372353673797,8.576354679802773
HLA-C,2.1829268292682937,12.11111111111114,6.964510709786053,7.543715725176811,0.8280373831775718,7.216795983569151,10.75071488645891,2.8222222222222206,5.142963885429701,5.6221889055469525
HLA-DMA,0.1804878048780488,0.07051282051282053,0.032969340613187646,0.09338356591911941,0.011214953271028038,0.03651300775901417,3.0460891505465937,0.04074074074074073,0.032378580323785766,0.11308631398586336
HLA-DPA1,0.3390243902439025,0.13888888888888898,0.05680386392272175,0.026572740648267618,0.022429906542056077,0.9867640346873637,14.950210260722914,0.07777777777777778,0.039352428393524236,0.29942171771257137
HLA-DPB1,0.27317073170731715,0.2713675213675213,0.15560688786224344,0.03731775825939554,0.020560747663551406,0.25650387950707276,18.386543313709016,0.23703703703703716,0.12079701120797125,0.3467551938316551
HLA-DQA1,0.06829268292682927,0.010683760683760684,0.012704745905081877,0.007178206785857565,0.007476635514018692,0.0077590141487905075,6.957947855340519,0.022222222222222223,0.004981320049813199,0.18890554722638517
HLA-DQB1,0.1853658536585366,0.07692307692307693,0.026984460310793698,0.12506130456105444,0.02242990654205608,0.056595162026471996,8.065769554247106,0.029629629629629627,0.01967621419676212,0.4671235810666123
HLA-DRA,1.1756097560975611,0.10683760683760687,0.1511969760604788,0.270119042311305,0.03364485981308412,0.15700593336376037,35.598822539950206,0.30000000000000004,0.05603985056039843,0.32726493895909153
HLA-DRB1,0.7024390243902441,0.09401709401709404,0.13723225535489303,0.18910785144233647,0.041121495327102825,0.11501597444089431,18.25550883095033,0.16666666666666666,0.03387297633872973,0.6693082030413384
HLA-E,1.3365853658536593,13.010683760683825,2.928496430071464,6.916937892906054,0.8205607476635541,8.923779096303013,11.427922624053528,1.1925925925925918,2.0149439601494628,3.2090383379737335
HMG20B,0.7536585365853663,0.4572649572649565,0.35772784544308756,0.9323866422937416,0.02242990654205608,4.0004564125969715,0.4639192598822596,0.48148148148148195,0.3347447073474465,0.1182266009852206
HOPX,0.8243902439024393,0.13247863247863254,0.22112557748845169,11.342458424359894,0.1962616822429906,0.7612962117754484,0.2904962153069808,0.07407407407407407,1.43212951432131,0.6498179481687749
HPGD,0.1341463414634147,0.010683760683760684,0.2199706005879906,0.24905256587457497,5.209345794392525,0.8626198083067157,0.0881412952060556,0.02592592592592592,0.009713574097135733,0.17091454272863396
HPGDS,0.0,0.004273504273504274,0.002414951700965981,0.001359846627134514,2.8373831775701057,0.0009128251939753537,0.1068124474348192,0.0,0.00199252801992528,0.005568644249303918
HSPA8,2.1756097560975625,2.7606837606837558,2.2161906761865375,8.026528155512516,1.186915887850471,6.452761296211736,3.627417998317811,1.5074074074074073,1.4958904109589182,5.052902120368181
HTRA1,0.11463414634146346,1.350427350427348,3.892587148257119,0.22149895224933613,0.009345794392523366,0.1068005476951162,0.5338940285954634,0.5333333333333335,0.4316313823163112,0.030627543371171604
HYAL2,0.1926829268292684,3.713675213675206,0.15319193616127766,0.2308618306656872,0.011214953271028038,0.14148790506617911,1.0785534062237185,0.15185185185185196,0.06151930261519294,0.014778325123152716
IFITM2,0.11219512195121954,3.1623931623931556,2.1896262074758908,0.26579428418567197,0.35327102803738364,0.944317663167513,3.835323801513789,0.7740740740740736,2.9479452054794897,1.2702934247161939
IFITM3,0.634146341463415,10.290598290598318,9.045254094918548,4.2969592937713905,0.5121495327102809,4.859424920127789,12.090159798149415,3.7518518518518484,8.693648816936555,0.2527307774684074
IGFBP4,0.11463414634146345,3.450854700854693,9.843868122637994,0.144478130991129,0.05046728971962617,0.29027841168416163,3.968376787216066,0.3296296296296299,1.3227895392279017,0.05804240736774481
IGFBP7,0.658536585365854,44.839743589743634,12.053338933222026,0.13197200053502028,0.13831775700934576,16.980374258329483,13.059545836837442,7.099999999999997,27.54346201743457,0.13493253373313285
IL18,0.04390243902439025,0.03632478632478633,0.12368752624947459,2.1350037897361576,0.07289719626168224,0.1104518484710177,0.2585365853658537,0.04444444444444444,0.05330012453300119,0.05611479974298571
IL32,0.14878048780487807,2.818376068376065,0.581163376732468,0.039123456239689054,0.013084112149532711,0.04427202190780467,1.0243902439024453,0.02222222222222222,0.19202988792030012,5.65859927179245
IL33R,0.0,0.0,0.007664846703065939,0.0019617459538989715,0.4205607476635522,0.0,0.008242220353238018,0.0,0.0029887920298879204,0.0010708931248661383
IL7R,0.0,0.008547008547008548,0.006929861402771945,0.00414641758437737,0.009345794392523366,0.00867183934276586,0.3317073170731711,0.007407407407407408,0.0034869240348692405,1.9143285500106615
IMPA2,0.3878048780487807,0.13888888888888898,0.18595128097438193,3.5068215257031468,0.06168224299065423,0.2628936558649009,0.14701429772918423,0.0925925925925926,0.18555417185554307,0.10601841936174757
IRF6,0.44390243902439047,0.05555555555555555,0.06037379252414967,2.402871282714122,0.0280373831775701,0.1136467366499314,0.07804878048780478,0.033333333333333326,0.07671232876712335,0.05183122724352117
ITM2C,0.22439024390243914,0.07264957264957267,0.8294834103318046,0.05020286236568588,0.186915887850467,0.92560474669102,0.19680403700588717,2.42222222222222,0.34196762141967607,0.28764189333904294
JUP,0.9878048780487811,0.7286324786324775,0.3362032759344806,7.4531633153500465,0.1738317757009345,0.3514376996805111,0.36215306980656287,0.15555555555555559,0.2136986301369876,0.1719854358535014
KANK3,0.00975609756097561,1.634615384615381,0.0040949181016379675,0.008426590574702365,0.0,0.004564125969876769,0.4669470142977345,0.014814814814814815,0.048318804483187976,0.008781323623902331
KCTD12,0.04390243902439025,1.4423076923076894,0.8702225955481122,0.1251058896963705,0.016822429906542057,0.09310816978548585,2.4624053826744543,0.5703703703703701,0.16164383561644008,0.01649175412293855
KIT,0.16585365853658543,0.0,0.010394792104157898,0.004034954746087662,0.6242990654205629,3.5965312642628233,0.01631623212783852,0.003703703703703704,0.005728518057285178,0.012850717498393668
KLF5,0.8390243902439029,0.1324786324786325,0.30071398572028557,4.9075973070571415,0.07289719626168226,0.5116385212231893,0.15021026072329693,0.19629629629629636,0.17061021170610297,0.13129149710858817
KLK11,0.9853658536585369,0.029914529914529912,0.08987820243595133,3.2750234071957514,0.04112149532710281,0.1382930168872659,0.0677880571909166,0.04444444444444444,0.06948941469489411,0.05397301349325341
KRT1,1.9829268292682933,1.4893162393162378,3.3755774884503116,105.82284096483171,1.8504672897196301,5.102692834322166,2.6837678721614058,1.3037037037037031,2.641344956413479,2.248233026343943
KRT10,6.831707317073132,3.3418803418803367,7.432906341873618,211.6885728298208,2.9644859813084166,10.409402099497788,5.186543313708797,3.1814814814814754,4.690909090909219,4.103448275861989
KRT15,7.156097560975592,0.4444444444444444,0.11266274674506492,5.36042623389355,0.03551401869158879,0.38064810588772274,0.14465937762825942,0.02592592592592593,0.19626400996264065,0.14692653673163392
KRT18,6.3024390243902255,1.0491452991452976,0.0028349433011339775,0.026171474430424575,0.0,0.0027384755819260614,0.18452481076534888,0.003703703703703704,0.10983810709838128,0.01263653887342044
KRT19,15.856097560975558,0.002136752136752137,0.0223645527089458,0.011837353426367705,0.13084112149532698,0.00045641259698767686,0.06459209419680394,0.003703703703703704,0.0027397260273972603,0.001927607624759049
KRT7,9.719512195121915,0.05128205128205127,0.02656446871062568,0.008270542601096763,0.0,0.0018256503879507074,0.035492010092514605,0.003703703703703704,0.035616438356164376,0.02955665024630545
KRT8,3.9731707317073197,0.4145299145299139,0.007664846703065939,0.04436220963930563,0.001869158878504673,0.007302601551802831,0.16299411269974753,0.011111111111111112,0.09016189290161933,0.002570143499678732
KRTDAP,1.3268292682926834,0.8568376068376058,1.8153086938261604,83.0750367827422,1.8093457943925255,2.8941122774988486,1.2391925988225416,0.7481481481481468,1.4938978829389853,1.2790747483401046
LAD1,0.22682926829268305,0.03205128205128205,0.08798824023519523,2.84580230951001,0.03738317757009347,0.10086718393427656,0.12733389402859546,0.018518518518518517,0.07696139476961401,0.0719640179910045
LAPTM4A,1.8292682926829282,2.9038461538461475,6.785909281814658,2.8686744839267653,1.357009345794398,2.779096303057978,2.2509671993270906,2.1555555555555537,4.177334993773408,0.36924394945384587
LAPTM5,0.007317073170731707,2.899572649572643,0.01606467870642585,0.0054393865085380485,0.7663551401869179,0.005020538566864446,1.1180824222035297,0.04074074074074073,0.008219178082191777,1.265581494966782
LBH,0.12682926829268293,0.044871794871794865,0.5162746745065077,0.046725221811047137,0.011214953271028038,0.12368781378366002,0.25382674516400244,0.07037037037037037,2.2326276463263266,0.2604412079674413
LCP1,0.024390243902439022,0.01282051282051282,0.003989920201595968,0.014936020330821805,0.11962616822429896,0.007302601551802831,1.1164003364171553,0.003703703703703704,0.005728518057285179,0.9235382308845511
LGALS1,1.243902439024391,8.448717948717952,22.826438471232205,0.2371260421775474,1.1345794392523403,15.780465540848885,7.777460050462462,11.599999999999985,12.747945205479564,4.085243092739233
LGALS3,7.624390243902407,6.608974358974343,8.732780344393616,10.698805118372333,4.9345794392523326,11.00730260155172,6.06862910008395,2.1333333333333333,2.936986301369932,0.9830798886271105
LGALS7,0.5634146341463415,0.10897435897435903,0.3681226375472485,16.21026349814879,0.20934579439252327,0.7727065267001383,0.3397813288477718,0.12592592592592594,0.2876712328767127,0.2400942385949876
LGALS7B,0.9585365853658541,0.2713675213675214,0.7407601847963047,30.261001382135497,0.6149532710280378,1.3254221816522171,0.5308662741799862,0.13333333333333336,0.6777085927770827,0.46155493681730625
LGI4,0.004878048780487805,0.006410256410256411,0.05680386392272186,0.0039011993401400083,0.003738317757009346,0.08124144226380633,0.07619848612279227,0.8481481481481472,1.3833125778331352,0.0023559648747055045
LHFPL6,0.007317073170731707,1.0128205128205108,1.5991180176396866,0.046078737348966406,0.013084112149532711,0.11547238703788185,0.6814129520605667,0.09629629629629631,2.3447073474471147,0.01477832512315271
LMO2,0.00975609756097561,4.532051282051274,0.11392272154556818,0.04075081367871848,0.011214953271028038,0.009128251939753538,1.1034482758620723,0.003703703703703704,0.014943960149439587,0.005140286999357461
LMOD1,0.0024390243902439024,0.010683760683760684,0.06467870642587162,0.0013152614918186287,0.001869158878504673,0.003194888178913738,0.041211101766190014,0.003703703703703704,1.4034869240348808,0.0017134289997858213
LMTK1,0.00975609756097561,0.0,0.0014699706005879883,0.005796067591065121,0.0,0.09173893199452277,0.010765349032800683,1.31111111111111,0.0032378580323785804,0.001927607624759049
LRP1,0.029268292682926824,0.0235042735042735,2.7488450230996357,0.1442997904498674,0.009345794392523366,0.2368781378366026,0.07518923465096705,0.3851851851851855,0.24607721046077574,0.015849218248018857
LRRC26,1.8073170731707329,0.0,0.00020999580008399833,0.0018502831156092582,0.0,0.0031948881789137383,0.001009251471825063,0.0,0.00049813200498132,0.00042835724994645533
LTB,0.026829268292682923,0.11111111111111113,0.013544729105417881,0.004926657452405369,0.009345794392523366,0.005020538566864446,0.6637510513036183,0.0,0.017932752179327518,2.463482544442003
LTC4S,0.1365853658536586,0.6752136752136744,0.07507349853002948,0.07120246109946674,0.7233644859813098,0.007302601551802831,0.47047939444912307,0.007407407407407408,0.009962640099626392,0.04540586849432436
LUM,0.012195121951219513,0.04914529914529915,10.560583788324603,0.04699273262294251,0.029906542056074775,0.04016430853491557,0.13877207737594632,0.2592592592592593,0.3835616438356164,0.03319768687085032
LY6D,1.2682926829268297,0.6559829059829055,1.4214615707685994,43.9929555486195,0.5887850467289724,1.7581013235965397,1.2560134566862877,0.42962962962962975,1.1855541718555407,1.165560077104299
LYPD3,1.739024390243903,0.3696581196581194,0.45768584628307124,15.550626421150582,0.18317757009345778,0.5773619351894128,0.3698906644238879,0.16666666666666674,0.34894146948941507,0.2936388948382944
LYVE1,0.0,4.495726495726487,0.00125997480050399,0.00044585135315885674,0.0,0.005933363760839799,0.012447434819175787,0.0,0.006724782067247816,0.00042835724994645533
MAL,0.15121951219512197,0.004273504273504274,0.003149937001259975,0.0058852378616969,0.0,0.3651300775901415,0.005382674516400338,2.196296296296295,0.033872976338729724,0.12508031698436406
MALAT1,190.94878048780473,141.60683760683773,166.2887442251152,159.42991216728495,57.68224299065428,128.2523961661339,198.3155592935249,129.7888888888889,170.0129514321294,158.6748768472909
MALRD1-AS1,0.0,0.0,0.0017849643007139858,0.0001114628382897142,0.4635514018691598,0.0,0.0008410428931875525,0.003703703703703704,0.00024906600249066,0.0010708931248661383
MAP1B,0.08780487804878051,0.6730769230769221,1.1627467450651234,0.29825226269565763,0.01869158878504673,0.8375171154723959,0.23633305298570223,0.8185185185185172,1.8622665006226922,0.02034696937245665
MARCKSL1,1.0560975609756105,2.7136752136752076,0.17797144057118977,0.8220830175221447,0.01869158878504673,3.2355089000456423,1.2333052985702229,0.6222222222222222,0.11282689912826949,0.19490254872563462
MB,0.8365853658536591,0.0,0.0009449811003779925,0.0002006331089214856,0.0,0.00045641259698767686,0.001682085786375105,0.0,0.008219178082191775,0.01777682587277791
MCAM,0.02195121951219512,0.006410256410256411,0.013649727005459873,0.03785277988318622,0.001869158878504673,0.04701049748973076,0.6640874684608999,0.4185185185185189,2.7222914072229623,0.040265581494966875
MFAP4,0.00975609756097561,0.8653846153846145,5.482885342293434,0.011881938561683566,0.02242990654205608,0.023733455043359195,0.06644238856181657,0.1,0.8378580323785758,0.020132790747483417
MFGE8,0.17560975609756105,0.14316239316239326,1.6249475010500203,0.41036158544748735,0.011214953271028038,1.3386581469648753,0.30664423885618236,0.733333333333333,3.342714819427199,0.043906618119511756
MFSD12,0.09024390243902441,0.08547008547008553,0.08315833683326326,0.3029782870391512,0.005607476635514019,7.064354176175192,0.16518082422203548,0.12962962962962968,0.04806973848069732,0.04583422574427082
MGP,2.9975609756097574,5.232905982905973,12.2346703065943,0.03647064068839391,0.04112149532710281,0.12688270196257417,3.6058873002522605,1.648148148148148,7.422914072229227,0.06018419361747704
MIA,0.18292682926829273,0.0,0.0022049559008819825,0.0016942351420036576,0.0,0.6978548607941643,0.006896551724137936,1.662962962962963,0.00473225404732254,0.0010708931248661383
MITF,0.036585365853658534,0.22008547008547008,0.26406971860563094,0.03836550893931869,0.10280373831775698,7.469648562300257,0.03566021867115211,0.07407407407407407,0.14171855541718703,0.0038552152495180975
MLANA,0.0024390243902439024,0.01282051282051282,0.007349853002939942,0.02338490347318186,0.04485981308411215,24.47923322683702,0.028427249789739276,0.003703703703703704,0.011955168119551673,0.005997001499250372
MMP2,0.01951219512195122,0.6217948717948713,9.718185636287764,0.020642917651254953,0.035514018691588795,0.08352350524874487,0.4514718250630812,0.18888888888888888,0.07297633872976346,0.022488755622188928
MMRN1,0.0,10.100427350427392,0.001889962200755985,0.001203798653528914,0.0,0.007759014148790507,0.18452481076534843,0.003703703703703704,0.00224159402241594,0.0036410366245448692
MPZ,0.004878048780487805,0.010683760683760684,0.003989920201595968,0.0026082304159793183,0.001869158878504673,0.007302601551802831,0.007064760302775448,32.88518518518521,0.007471980074719795,0.019276076247590496
MS4A2,0.0,0.0,0.000629987400251995,0.0005796067591065137,0.893457943925236,0.0009128251939753537,0.001009251471825063,0.0,0.0012453300124533001,0.00042835724994645533
MUCL1,343.32195121951196,0.021367521367521364,0.04567408651826973,0.6007846983815883,0.007476635514018692,0.024189867640346873,0.03330529857022696,0.03703703703703703,0.03511830635118303,0.020989505247376326
MXRA8,0.03658536585365854,0.01282051282051282,2.1420621587568673,0.007200499353515501,0.0,0.013235965312642628,0.025063078216989044,0.6037037037037035,0.23511830635118636,0.008138787748982648
MYL12A,2.8000000000000016,6.290598290598277,2.760289794204222,3.5837085915552804,1.1869158878504713,3.415791875855781,5.9665264928509965,1.0444444444444427,2.5469489414695325,3.2531591347182447
MYL9,0.1975609756097561,0.10683760683760689,1.4165266694666465,0.05412635427348425,0.02429906542056075,0.09265175718849838,1.2190075693860312,3.037037037037034,15.389041095890553,0.03512529449560939
MYLK,0.11951219512195123,0.019230769230769232,0.15655186896262135,0.05401489143519502,0.005607476635514019,0.04153354632587863,0.5184188393608139,0.04814814814814815,2.7369863013699067,0.006639537374170055
NCALD,1.1463414634146347,0.1816239316239316,0.1448971020579591,0.014846850060190013,0.005607476635514019,0.11045184847101737,0.046930193439865237,0.033333333333333326,0.08019925280199285,0.027843221246519646
NDRG2,2.134146341463416,0.49999999999999933,0.31058378832423256,0.6504079539883018,0.07289719626168226,0.6499315381104606,0.5944491169049714,1.75185185185185,1.048567870485667,0.037052902120368464
NDUFA1,3.50487804878049,1.91452991452991,1.3989920201596429,2.827121137812573,0.44672897196261757,2.3605659516202815,1.3714045416316067,0.8703703703703688,1.1362391033623853,0.6727350610409075
NICOL1,0.12682926829268296,0.7756410256410247,0.2868542629147421,0.06953051852512193,0.31962616822429907,4.003194888178897,0.21194280908326268,0.18148148148148158,0.0617683686176836,0.2101092310987332
NOTCH3,0.08780487804878051,0.0405982905982906,0.17461150776984583,0.8060323688084838,0.011214953271028038,0.04381560931081701,0.16719932716568556,0.03333333333333334,2.3295143212951896,0.0207753266224031
NPDC1,0.658536585365854,0.35683760683760657,0.3133137337253249,0.22658165767535682,0.011214953271028038,0.25193975353719605,3.0506307821698226,0.38148148148148187,0.22938978829390128,0.05739987149282514
NR2F2,0.4902439024390246,3.858974358974351,0.4080218395632032,0.02690712916313664,0.0,0.15015974440894495,0.9646761984861304,0.6962962962962952,3.733997509340045,0.005140286999357461
NRP2,0.014634146341463414,2.777777777777773,0.1150776984460303,0.1184849971019616,0.020560747663551406,0.08306709265175709,0.37022708158116324,0.20370370370370378,0.031133250311332464,0.007710430499036193
NRXN1,0.00975609756097561,0.0,0.0029399412011759767,0.0010031655446074276,0.001869158878504673,0.0013692377909630305,0.007401177460050463,1.8592592592592587,0.00423412204234122,0.00021417862497322766
NSG1,0.11219512195121954,0.05341880341880341,0.08000839983200336,2.7428329394978044,0.042990654205607486,4.553172067549045,0.08528174936921777,0.044444444444444446,0.0742216687422167,0.0933818804883271
OVOL1,0.1658536585365854,0.0811965811965812,0.10793784124317515,4.375964153550809,0.05420560747663553,0.1460520310360562,0.12312867956265791,0.02592592592592592,0.10361145703611468,0.08652816448918393
PCAT19,0.007317073170731707,2.006410256410252,0.005774884502309954,0.007646350706674363,0.001869158878504673,0.003194888178913738,1.4437342304457348,0.003703703703703704,0.007721046077210456,0.0027843221246519594
PCOLCE,0.02195121951219512,0.04487179487179487,4.179441411171872,0.029827455526326978,0.003738317757009346,0.04244637151985396,0.13608074011774626,0.08518518518518517,1.2119551681195506,0.03469693724566294
PCSK2,0.05609756097560976,0.002136752136752137,0.04063418731625362,0.002719693254269032,0.005607476635514019,4.400730260155162,0.010597140454163165,1.5962962962962959,0.0069738480697384775,0.00021417862497322766
PDCD4,4.629268292682915,0.3888888888888885,0.3895422091558111,1.2098845244995036,0.22616822429906508,0.4413509812870875,0.6667788057191053,0.2074074074074076,0.21145703611457345,0.3921610623259847
PDGFRB,0.004878048780487805,0.027777777777777776,2.0591138177236816,0.004592268937536228,0.0,0.015974440894568682,0.15121951219512203,0.1,1.6084682440847016,0.008138787748982652
PDLIM4,2.287804878048782,0.8162393162393147,0.511759764804697,0.7181104819655154,0.013084112149532711,0.6403468735737154,0.2704793944491173,0.8481481481481471,0.146699875467,0.03662454487042197
PEBP1,6.951219512195088,2.2029914529914483,3.2080008399833035,4.3328949128355685,0.7401869158878527,6.263806481058841,1.5818334735071224,5.39629629629629,2.391780821917845,0.7404155065324484
PECAM1,0.012195121951219513,2.4465811965811914,0.018164636707265817,0.006018993267644549,0.005607476635514019,0.005476951163852123,4.150378469301851,0.003703703703703704,0.01892901618929015,0.02784322124651962
PERP,7.365853658536563,1.5534188034188012,2.2798194036120027,56.827990547951046,0.8261682242990666,2.802373345504327,1.6576955424726392,0.7370370370370363,1.5785803237858096,1.1955450846005458
PHLDA1,0.5585365853658538,0.48504273504273476,0.6221125577488473,0.2759151099023817,0.039252336448598144,3.8827019625741483,0.7983179142136373,0.7592592592592579,0.5656288916562848,1.1390019276076093
PHLDA2,0.6658536585365855,0.19230769230769237,0.42776144477110234,13.25299835034926,0.47289719626168325,0.8384299406663688,0.6973927670311262,0.1925925925925927,0.9449564134495546,0.44656243306918264
PIP,78.08780487804874,0.004273504273504274,0.008924821503569921,0.004659146640510055,0.0,0.0036513007759014153,0.004878048780487808,0.007407407407407408,0.005479452054794519,0.003212679374598415
PKP1,0.6536585365853662,0.18589743589743596,0.21661066778664523,6.631905122831293,0.0953271028037383,0.34048379735280665,0.17628259041211083,0.06296296296296296,0.17285180572851852,0.13985864210751728
PKP3,0.4219512195121954,0.0683760683760684,0.11990760184796284,3.6973561014755054,0.07102803738317759,0.14650844363304394,0.10765349032800686,0.018518518518518517,0.10136986301369875,0.10280573998714915
PLAC9,0.046341463414634146,2.1923076923076894,6.260709785804674,0.17428329394980926,0.02990654205607477,0.052487448653582854,0.3290159798149717,0.5814814814814816,2.4884184308842414,0.027629042621546397
PLLP,0.0853658536585366,0.11111111111111119,0.021419571608567764,0.5860493111598131,0.007476635514018692,0.03423094477407578,0.2146341463414628,2.0851851851851846,0.018430884184308827,0.012850717498393668
PLP1,0.0024390243902439024,0.004273504273504274,0.16064678706425972,0.0036782736635605786,0.005607476635514019,4.989046097672254,0.010092514718250633,5.025925925925923,0.005977584059775838,0.007282073249089739
PLPP3,0.05853658536585366,0.29487179487179466,4.980365392692354,0.04081769138169229,0.009345794392523366,0.027384755819260607,0.4205214465937788,0.4703703703703707,1.2064757160647588,0.015420860998072402
PLVAP,0.019512195121951216,0.014957264957264956,0.014594708105837864,0.0067323554326987065,0.009345794392523366,0.003651300775901415,3.877207737594565,0.007407407407407408,0.025155666251556647,0.006211180124223599
PMAIP1,0.4878048780487807,0.20726495726495725,0.25136497270054775,7.522939052119607,0.1271028037383177,0.8320401643085417,0.6131202691337327,0.1703703703703704,0.2346201743462026,0.5435853501820536
PMEL,0.01707317073170732,0.03205128205128205,0.018689626207475774,0.08653974764813117,0.08598130841121496,44.50524874486529,0.06694701429772909,0.007407407407407408,0.013449564134495629,0.009423859498822018
PMP2,0.0,0.0,0.0016799664006719867,0.0001560479736055999,0.003738317757009346,0.03240529438612508,0.000672834314550042,2.9444444444444393,0.00049813200498132,0.0010708931248661383
PMP22,0.0829268292682927,1.4893162393162367,4.137862242755302,0.19559498863080504,0.17383177570093436,4.668188041989938,0.9826745164003524,24.09999999999999,1.2562889165628957,0.026772328121653498
PPDPF,8.824390243902394,3.3055555555555483,2.55134397312064,9.176891524364835,0.8542056074766389,4.881789137380173,2.641042893187472,2.840740740740736,2.8839352428394145,1.448704219318871
PPFIBP1,0.38292682926829286,5.7115384615384475,0.3678076438471188,0.28875562887339873,0.009345794392523366,0.9246919214970468,0.38502943650126564,0.4222222222222225,0.14819427148194453,0.022060398372242485
PPP1CB,3.0024390243902457,0.5405982905982898,0.7153506929861537,2.0010700432473127,0.1831775700934577,0.7895937927886906,0.7867115222876546,0.6333333333333327,0.9469489414694701,0.624330691796959
PPP1R14A,0.024390243902439022,0.006410256410256411,0.145422091558169,0.004146417584377375,0.001869158878504673,0.004107713372889092,0.24339781328847765,0.018518518518518517,1.9616438356164656,0.005568644249303916
PPP1R1B,2.5390243902439043,0.0,0.00251994960100798,0.013174907485844274,0.001869158878504673,0.0013692377909630305,0.0008410428931875525,0.055555555555555546,0.00423412204234122,0.00021417862497322766
PRDX1,4.178048780487804,3.393162393162385,2.5554388912222743,7.635895492442318,1.605607476635522,4.07256960292101,3.155256518082309,2.5555555555555536,1.9048567870485928,1.2203898050974311
PRELP,0.02195121951219512,0.09829059829059833,1.5153296934061655,0.0045030986669044575,0.001869158878504673,2.764491099954337,0.019680403700588732,0.4259259259259262,0.18455790784558132,0.005568644249303917
PRNP,0.3634146341463417,0.26709401709401703,1.3444981100378326,2.773708145704209,0.327102803738318,0.8183477863989145,0.38301093355761523,3.8333333333333326,0.45404732254046987,0.4797601199400368
PROX1,0.024390243902439022,2.6196581196581143,0.011759764804703879,0.005327923670248329,0.0,0.037882245549977205,0.027081581160639134,0.003703703703703704,0.0044831880448318795,0.0010708931248661383
PRRX1,0.0024390243902439024,0.01923076923076923,2.2107307853843357,0.00543938650853805,0.014953271028037384,0.012323140118667274,0.1698906644238856,0.033333333333333326,2.316562889165683,0.01049475262368816
PSAP,1.5097560975609767,2.1452991452991403,5.1200125997483275,1.5660082928350756,0.25607476635513987,5.999999999999973,2.1904121110176,2.8037037037036994,1.2381070983810767,0.2724352109659434
PTMA,17.56829268292679,24.12179487179495,12.717765644688074,50.761112844978435,9.491588785046725,16.22774988589682,32.447434819176,12.418518518518507,21.909589041095728,11.085885628614223
PTPRC,0.004878048780487805,0.002136752136752137,0.007139857202855943,0.0024075973070578297,0.12149532710280367,0.0027384755819260614,0.4259041211101797,0.003703703703703704,0.00572851805728518,1.6917969586634645
PTPRE,0.07073170731707318,2.344017094017089,0.050713985720285785,0.19960765080923992,0.048598130841121516,0.009584664536741214,0.43010933557611986,0.3703703703703706,0.039103362391033576,0.08631398586421037
QKI,0.2585365853658538,1.0555555555555538,0.8125787484250506,0.7353872219004487,0.09345794392523361,1.342765860337767,0.8815811606392123,2.9296296296296247,0.4009962640099597,0.11308631398586326
QPCT,0.3902439024390245,0.01923076923076923,0.7271104577908581,0.13446876811271052,0.026168224299065422,10.42172523961657,0.16518082422203584,0.23333333333333345,0.018181818181818164,0.018419361747697583
RAB25,0.8073170731707322,0.0641025641025641,0.12379252414951702,4.212871728565327,0.0691588785046729,0.16841624828845259,0.09739276703111864,0.05555555555555555,0.09140722291407229,0.09252516598843431
RAB32,0.29756097560975625,0.3525641025641024,0.4503359932801267,0.08036470640688133,0.30841121495327123,3.9214970333181127,0.3919259882254024,0.1851851851851853,0.13150684931506984,0.010494752623688158
RAC2,0.004878048780487805,0.006410256410256411,0.008294834103317932,0.059989299567522456,0.4841121495327112,0.0031948881789137383,0.1354079058031961,0.003703703703703704,0.00323785803237858,0.9173270507603352
RAMP2,0.03170731707317073,6.788461538461523,0.3047039059218816,0.015092068304427391,0.011214953271028038,0.12505705157462285,4.829941126997373,0.02222222222222222,0.06699875466998753,0.011994002998500754
RAMP3,0.026829268292682926,0.7948717948717942,0.050503989920201685,0.004124125016719434,0.007476635514018692,0.004107713372889092,2.449453322119381,0.007407407407407408,0.04533001245330009,0.0042835724994645516
RGS1,0.007317073170731707,0.01282051282051282,0.01270474590508187,0.010967943287707888,2.072897196261686,0.15700593336376079,2.5606391925988086,0.011111111111111112,0.007721046077210455,1.9162561576354449
RGS13,0.0,0.0,0.0023099538009239817,0.00044585135315885674,1.211214953271032,0.00045641259698767686,0.027922624053826672,0.0,0.0012453300124533001,0.004069393874491325
RGS2,0.13902439024390248,0.053418803418803416,0.32559848803023705,0.43702349636639465,1.233644859813088,0.2998630762209033,1.2551724137930933,0.5666666666666667,0.08393524283935272,0.8740629685157401
RGS5,0.014634146341463415,0.03205128205128205,0.0537589248215037,0.01553791965758623,0.003738317757009346,0.024189867640346873,1.2723296888141278,0.10000000000000005,9.070983810709908,0.03191261512101093
RHEX,0.0,0.002136752136752137,0.0010499790004199917,0.0012929689241606855,0.5495327102803751,0.0,0.0060555088309503825,0.0,0.0,0.00021417862497322766
RHOV,1.4853658536585375,0.1388888888888889,0.20327593448131095,7.086517455079884,0.10093457943925233,0.2551346417161109,0.17813288477712355,0.05925925925925926,0.1863013698630142,0.1662026129792243
RNASE1,0.014634146341463414,0.05769230769230769,0.018059638807223808,0.004726024343483883,0.013084112149532711,0.004564125969876769,2.928847771236267,0.04074074074074073,0.008717310087173096,0.007710430499036192
RPL28,14.102439024390193,19.750000000000096,17.12589248215129,61.305207543805274,2.7009345794392643,16.595618439068925,23.29655172413812,5.2074074074074055,11.217932752179518,17.932962090383516
RPL34,27.95609756097556,33.15170940170948,22.0366442671168,67.39114539212677,9.127102803738298,20.193518941122697,36.23061396131253,6.792592592592587,20.262764632627587,17.86164060826735
RPL36AL,3.134146341463417,3.645299145299137,3.5064048719027014,6.892638994159141,1.9177570093458043,4.242355089000435,4.059041211101655,1.8148148148148144,3.2117061021171236,2.724137931034352
RPL39,19.917073170731644,20.75427350427362,19.777824443512788,57.3795755495118,6.979439252336439,14.93610223642166,21.08645920941975,4.9962962962962925,13.369115815691288,13.422574427072172
RPLP0,11.660975609756065,9.980769230769244,10.036224275515094,49.67499665611506,0.9775700934579467,10.715654952076632,11.656518082421915,2.7703703703703666,8.448567870485746,5.574212893553014
RPLP1,54.38780487804871,31.23717948717959,34.48110037799359,201.62844977484332,8.68224299065419,55.943861250570464,43.72447434819196,12.529629629629621,34.78605230386034,28.18847718997645
RPS18,45.382926829268264,53.24786324786336,35.12683746325165,181.5731864996221,7.471028037383155,34.37380191693278,53.957275021026334,10.074074074074066,33.148941469489316,26.752409509531027
RPS19,20.75853658536579,28.831196581196654,16.128412431752356,93.24896339560505,3.6448598130841274,18.1387494294842,30.50580319596331,5.1000000000000005,18.754669987546652,16.85157421289354
RPS27,22.892682926829178,29.86111111111117,28.52446451071251,76.20112354541062,6.467289719626153,22.203103605659418,32.218334735071856,7.9407407407407335,23.521544209215318,28.810666095523626
RPS29,15.014634146341402,14.457264957264998,11.002939941202204,51.00280886352446,4.123364485981319,12.346417161113603,17.21042893187528,4.07407407407407,8.882440846824496,15.312700792460914
S100A1,1.4146341463414642,0.002136752136752137,0.007874842503149938,0.02180213116946808,0.014953271028037384,2.2729347329986394,0.004373423044575275,0.22592592592592597,0.00224159402241594,0.0021417862497322766
S100A10,3.687804878048783,26.90811965811978,21.605102897943368,10.261536403762369,1.6822429906542118,14.994066636239104,13.93271656854463,8.588888888888883,2.0660024906600536,4.103234097236935
S100A14,2.1024390243902453,0.5256410256410255,0.738555228895426,25.012684470996238,0.4186915887850469,0.9100867183934317,0.7105130361648515,0.24814814814814826,0.7180572851805705,0.6181195116727356
S100A16,1.753658536585367,3.3119658119658046,1.2290004199916267,13.154665834410077,0.16635514018691588,0.5052487448653595,2.112026913372546,0.4851851851851855,0.42166874221668726,0.32983508245877036
S100A4,0.3560975609756099,9.202991452991466,18.206215875683604,0.9403227963799077,4.459813084112157,1.5175718849840327,11.647939444911517,11.981481481481474,15.298630136986409,11.672520882415935
S100A6,9.831707317073143,35.448717948718034,56.52005459890748,6.689130144009721,7.239252336448588,14.646736649931437,27.986206896551867,27.670370370370346,21.83985056039851,5.9276076247588065
S100B,0.026829268292682926,0.01282051282051282,0.015119697606047859,0.0067100628650407675,0.007476635514018692,0.9739844819717061,1.1535744322960466,10.18148148148148,0.007970112079701117,0.012636538873420441
SAMSN1,0.0,0.002136752136752137,0.004199916001679967,0.002162379062820459,0.5495327102803749,0.0027384755819260614,0.268460891505467,0.003703703703703704,0.00149439601494396,1.1452131077318253
SARAF,2.241463414634148,1.4743589743589711,1.054493910121829,1.621717419412256,0.5663551401869175,1.659516202647226,1.2287636669470055,1.270370370370368,0.7818181818181654,1.7635467980294994
SAT1,8.280487804878033,1.6282051282051262,1.258609827803476,4.788621873467037,0.8093457943925257,20.63989046097668,9.792598822539743,2.5814814814814806,0.728767123287663,1.8894838295137701
SCGB1B2P,102.4365853658536,0.01282051282051282,0.015749685006299845,0.010566677069864916,0.001869158878504673,0.008215426745778184,0.013793103448275876,0.0,0.01245330012453299,0.006853715999143281
SCGB1D2,102.95609756097552,0.04059829059829059,0.006194876102477951,0.009630389228231293,0.003738317757009346,0.005476951163852123,0.007569386038687977,0.003703703703703704,0.007471980074719797,0.005997001499250373
SCGB2A2,339.34634146341426,0.01282051282051282,0.020474590508189776,0.018413660885460755,0.007476635514018692,0.012779552715654946,0.015643397813288492,0.007407407407407408,0.02490660024906598,0.010494752623688158
SCN7A,0.0,0.0,0.0558588828223437,0.00031209594721119975,0.001869158878504673,0.00045641259698767686,0.003364171572750211,2.044444444444443,0.010460772104607715,0.00021417862497322766
SDC1,1.5878048780487815,0.0747863247863248,0.16054178916421694,3.593316688215724,0.039252336448598144,0.1478776814240071,0.09873843566021867,0.025925925925925925,0.09414694894146956,0.07946026986506743
SDCBP,0.6243902439024394,3.0534188034187966,1.661486770264617,0.6407329796247481,0.9196261682243019,6.6741214057507685,2.3411269974767897,0.2370370370370371,0.6132004981319974,0.606982223174128
SECISBP2L,0.3195121951219514,0.2478632478632479,0.21881562368753113,0.15056400196175304,0.01869158878504673,0.4879050661798312,0.20185029436501137,2.53333333333333,0.16064757160647777,0.06682373099164707
SELENOM,1.421951219512196,1.8141025641025605,5.735720285594557,0.136497391769584,0.1214953271028037,0.7206754906435463,1.241547518923459,2.229629629629628,3.762889165628942,0.22295994859712656
SEMA3B,0.012195121951219513,0.055555555555555546,0.14290214195716072,0.012528423023763927,0.0,0.017343678685531713,0.0324642556770394,1.9185185185185178,0.03287671232876708,0.002570143499678732
SEPTIN7,0.7000000000000004,1.9102564102564057,1.9395212095758496,1.9751660796285881,0.43177570093458023,1.7434961204929607,1.5305298570226777,0.9407407407407387,5.096637608966439,0.7738273720282699
SERF2,10.192682926829216,7.275641025641008,8.263124737505601,13.759552365240747,2.0355140186915968,8.65495207667726,7.679899074852707,3.007407407407403,3.9726027397260757,2.555365174555486
SERHL2,2.585365853658538,0.010683760683760684,0.0229945401091977,0.014178073030451733,0.003738317757009346,0.009128251939753536,0.014465937762825919,0.003703703703703704,0.030635118306351142,0.0023559648747055045
SERPINB1,0.40243902439024415,0.30555555555555536,0.48393532129356504,0.7378394043427127,0.942056074766358,0.7302601551802904,0.9700588730025396,0.1370370370370371,0.21594022415940534,0.24116513171985052
SERPINB5,0.43658536585365876,0.11752136752136755,0.1360772784544308,5.672054037183438,0.08598130841121494,0.20994979461433103,0.1349032800672836,0.08148148148148152,0.14570361145703656,0.10944527736131918
SERPINF1,0.05365853658536586,0.0405982905982906,6.4695506089881505,0.08689642873065842,0.056074766355140214,0.21223185759926938,0.6612279226240576,0.13703703703703704,1.2988792029888023,0.025487256371814117
SERPING1,0.024390243902439022,0.9102564102564087,4.7110457790846425,0.12004547683801774,0.02990654205607477,0.10041077133728878,0.7767872161480399,0.5222222222222226,1.7013698630137166,0.014992503748125947
SFN,2.4487804878048793,1.4594017094017084,1.9087568248635511,70.5310089616122,0.7364485981308417,2.858512094933809,1.7547518923464833,0.596296296296296,1.7990037359900504,1.6101949025487103
SFRP1,3.7097560975609776,0.032051282051282055,0.6236875262494787,0.19626376566053982,0.003738317757009346,0.009584664536741214,0.026576955424726625,0.19629629629629639,0.07123287671232884,0.012422360248447206
SFRP2,0.029268292682926828,0.0747863247863248,23.164216715666498,0.03011725890588038,0.07102803738317758,0.18621633957097208,0.19158957106812433,0.45185185185185184,0.08368617683686191,0.03983722424502041
SH3BGRL3,1.3804878048780498,4.950854700854691,3.925556488870322,7.469436889740574,2.4168224299065506,3.1118210862619597,5.619343986543173,0.5518518518518521,0.7663760896637515,4.307560505461396
SLC12A2,10.163414634146298,0.07692307692307694,0.1010079798404026,0.19044540550182806,0.005607476635514019,0.3099041533546327,0.24339781328847682,0.4481481481481484,0.10933997509340061,0.043264082244592085
SLC1A4,0.09268292682926832,0.017094017094017092,0.056908861822763945,0.08584867805073486,0.014953271028037384,1.8959379278868482,0.047771236333052775,0.04444444444444444,0.024408468244084654,0.05333047761833381
SLCO4A1-AS1,0.02195121951219512,0.002136752136752137,0.0007349853002939942,0.0032547148780596616,0.001869158878504673,2.090369694203577,0.003532380151387721,0.0,0.00074719800747198,0.0008567144998929107
SMIM22,1.7073170731707328,0.006410256410256411,0.0005249895002099958,0.029493067011458023,0.0,0.0013692377909630305,0.011269974768713213,0.0,0.00099626400996264,0.000642535874919683
SNCA,0.16097560975609765,0.8162393162393149,0.020684586308273765,0.12220785590083906,0.011214953271028038,3.8247375627567224,0.184020185029436,1.0777777777777753,0.009713574097135734,0.01028057399871493
SNCG,0.05853658536585367,6.749999999999986,0.05974380512389773,0.06915154487493722,0.005607476635514019,0.02053856686444546,1.3190916736753497,0.014814814814814815,1.681195516811977,0.005997001499250371
SNORC,2.4707317073170745,0.002136752136752137,0.0053548929021419575,0.00994248517544251,0.0,0.015518028297581005,0.002186711522287637,0.037037037037037035,0.00074719800747198,0.001285071749839366
SOD3,0.14878048780487807,0.0961538461538462,6.378202435951626,0.059877836729232595,0.04112149532710281,0.07393884071200363,0.14802354920100932,0.5777777777777778,3.660273972602784,0.02270293424716215
SOX18,0.00975609756097561,2.2222222222222183,0.05606887862242769,0.006130456105934258,0.0,0.099954358740301,2.429604709840157,0.014814814814814815,0.01444582814445827,0.006425358749196829
SOX9,1.9780487804878062,0.029914529914529916,0.04598908021839575,0.4449150653172722,0.007476635514018692,0.08945686900958452,0.008746846089150552,0.014814814814814815,0.026400996264009945,0.009852216748768478
SPARC,0.09268292682926833,0.7841880341880335,14.185216295674712,0.22127602657276302,0.06542056074766357,3.2441807393884146,5.126829268292589,12.414814814814816,6.599003735990122,0.06810880274148642
SPARCL1,0.051219512195121955,0.05555555555555556,1.5524989500210153,0.020130188595122316,0.029906542056074768,0.03423094477407577,10.904793944491031,1.0740740740740735,6.211457036114632,0.03833797387020777
SPINT2,3.865853658536588,0.0918803418803419,0.14762704745905095,4.552454411698578,0.18691588785046712,0.2117754450022816,0.3708999158957129,0.08518518518518518,0.16886674968866805,0.2021846219747254
SPTBN1,0.7024390243902443,3.649572649572642,1.6619067618648253,0.4522493200768078,0.0429906542056075,2.3628480146052206,2.1115222876366238,2.103703703703703,0.7330012453299976,0.07025058899121867
SRGN,0.004878048780487805,0.15811965811965825,0.03517429651406965,0.014244950733425545,2.0710280373831855,0.242355089000455,4.153238015138691,0.06296296296296294,0.04533001245330007,4.289141143713698
STK4,0.12195121951219517,0.16666666666666669,0.1609617807643856,0.19851531499400607,0.1401869158878503,0.21542674577818186,0.4984020185029495,0.07407407407407408,0.11083437110834468,1.0304133647461893
SYNPO2,0.02195121951219512,0.019230769230769232,0.1091978160436784,0.03230193053635859,0.0,0.0077590141487905075,0.124474348191758,0.05925925925925924,1.9379825653798535,0.004926108374384236
TACSTD2,2.621951219512197,0.33760683760683763,0.35153296934061357,14.240759730704836,0.17757009345794386,0.520766773162941,0.8460891505466864,0.225925925925926,0.37633872976338684,0.28335832083957935
TAGLN,0.34634146341463423,0.15811965811965817,0.8142587148257101,0.07196040839983767,0.022429906542056077,0.061159287996348725,1.4417157275021002,0.30000000000000004,32.579576587795465,0.04304990361961883
TBX1,0.07073170731707319,1.7799145299145267,0.03412431751364964,0.04630166302554589,0.009345794392523366,0.017343678685531713,0.09402859545836868,0.018518518518518517,0.007721046077210455,0.0032126793745984143
TFF3,0.11951219512195126,30.14316239316248,0.006404871902561949,0.0037228587988764627,0.003738317757009346,0.3277042446371518,0.017493692178301087,0.011111111111111112,0.005479452054794521,0.0027843221246519594
TFPI,0.012195121951219513,8.352564102564097,0.6013229735405311,0.00958580409291542,0.009345794392523366,0.011866727521679592,0.5497056349873926,0.06666666666666667,1.048318804483179,0.005782822874277145
TGFBR2,0.06829268292682929,3.3440170940170866,0.5942881142377187,0.1058674038075662,0.020560747663551406,0.24189867640346693,1.8227081581160232,0.6185185185185181,0.21668742216687764,0.13043478260869404
TIMP1,0.29268292682926833,4.660256410256402,8.200335993280449,0.2701413348789719,0.49345794392523473,0.8297581013236048,2.4164844407064106,1.6296296296296289,1.873225404732273,0.569715142428789
TIMP2,0.09512195121951224,2.303418803418799,5.483620327593748,0.054349279950063556,0.04112149532710282,4.379278868096739,0.7941126997477015,1.1518518518518504,1.1930261519302687,0.05097451274362829
TIMP3,0.38048780487804895,6.4423076923076765,3.9338513229736725,0.0935173213250677,0.16074766355140166,0.07439525330899134,3.4020185029435592,1.859259259259259,5.806475716064855,0.0376954379952881
TINAGL1,0.2951219512195123,0.22008547008547008,0.014384712305753871,0.017142984528958048,0.005607476635514019,0.00730260155180283,0.6960470984020312,0.014814814814814815,2.613200498132058,0.005568644249303917
TINCR,0.25121951219512206,0.10470085470085469,0.08798824023519539,3.027174639974845,0.06542056074766359,0.17526243724326762,0.07199327165685446,0.04074074074074073,0.07372353673723539,0.06104090811736994
TM4SF1,3.4365853658536603,9.282051282051295,0.11129777404451893,0.6704043871773895,0.011214953271028038,0.04335919671382933,5.979646761984761,0.11481481481481483,1.4846824408468304,0.035553651745555824
TMSB10,7.024390243902424,44.05128205128219,20.500944981102062,15.139640643808617,3.17383177570095,20.01780009128247,40.89032800672849,9.959259259259253,7.888916562889244,13.995288070250572
TMSB4X,10.141463414634119,43.09188034188043,26.08462830743542,27.630567568771713,8.706542056074756,3.085805568233674,95.04390243902455,14.666666666666659,28.59452054794514,37.45448704219328
TPD52L1,2.446341463414636,0.12179487179487188,0.038324233515329695,0.9654019349950556,0.009345794392523366,0.04016430853491557,0.29756097560975703,0.018518518518518517,0.13349937733499465,0.03105590062111803
TPM1,0.9951219512195129,0.3782051282051279,1.693091138177283,0.3598020419992474,0.0280373831775701,0.13053400273847507,0.6645920941968144,0.23333333333333348,6.064508094645141,0.034482758620689724
TPM2,0.13658536585365855,0.11965811965811975,0.6336623267534697,0.04376031031254096,0.011214953271028038,0.050205385668644464,0.2967199327165684,0.1481481481481482,11.943462017434785,0.019490254872563735
TPSAB1,0.004878048780487805,0.002136752136752137,0.01438471230575385,0.00666547772972489,28.173831775700933,0.004564125969876769,0.015811606391925997,0.011111111111111112,0.0032378580323785804,0.005568644249303917
TPSB2,0.007317073170731707,0.006410256410256411,0.02624947501049971,0.00813678719514911,24.814953271028035,0.005476951163852123,0.019343986543313686,0.06296296296296296,0.01295143212951431,0.008995502248875561
TRAC,0.004878048780487805,0.0641025641025641,0.08620327593448117,0.08201435641356922,0.005607476635514019,0.01004107713372889,0.015979814970563503,0.05185185185185185,0.00647571606475716,2.0263439708716695
TRBC2,0.02195121951219512,0.006410256410256411,0.01091978160436791,0.003678273663560575,0.003738317757009346,0.005933363760839799,0.01715727502102607,0.4222222222222224,0.00523038605230386,1.76783037052898
TRIM29,0.5951219512195125,0.09829059829059834,0.177236455270895,5.272526639617652,0.08598130841121492,0.23870378822455451,0.14062237174095882,0.05555555555555555,0.1636363636363642,0.12358106660955201
TRPM1,0.004878048780487805,0.0,0.00251994960100798,0.0032547148780596633,0.011214953271028038,3.4043815609310744,0.006728343145500424,0.0,0.00199252801992528,0.0008567144998929107
TSPAN15,0.09512195121951222,0.4850427350427345,0.08042839143217118,0.013219492621160166,0.0,0.2126882701962559,0.3357443229604732,0.9222222222222206,0.09514321295143255,0.00792460912400942
TUBA1A,0.9512195121951224,1.9572649572649543,2.3917471650567785,1.0271077622722613,0.7514018691588803,3.9548151528982043,1.3683767872161336,4.140740740740737,1.6600249066002646,0.7669736560291268
TUBA4A,0.6390243902439028,0.38247863247863206,0.14846703065938702,4.339114539212005,0.057943925233644875,0.20584208124144182,0.3187552565180834,0.05185185185185185,0.11830635118306382,0.7200685371599921
TUBB4B,2.2000000000000015,1.4059829059829039,1.1941411171776928,10.506152748672523,0.22990654205607455,2.2802373345504376,1.2659377628258992,0.7555555555555545,0.8288916562889014,0.9276076247590416
TWIST2,0.017073170731707315,0.023504273504273504,3.04294414111725,0.005952115564670724,0.011214953271028038,0.02510269283432222,0.038687973086627386,0.014814814814814815,0.09987546699875524,0.007710430499036192
TXNIP,1.6707317073170742,4.059829059829051,2.2237505249895775,1.6167238842564244,0.48971962616822534,0.8804198995892404,7.593608074011649,1.3111111111111096,1.9051058530510907,0.990576140501174
TYR,0.0024390243902439024,0.002136752136752137,0.0014699706005879883,0.002541352713005488,0.001869158878504673,3.5011410314924634,0.005719091673675358,0.0,0.00049813200498132,0.0008567144998929107
TYROBP,0.0,0.004273504273504274,0.007874842503149938,0.005082705426010964,0.829906542056078,0.003651300775901415,2.814297729184178,0.003703703703703704,0.0017434620174346202,0.12465195973441824
TYRP1,0.014634146341463415,0.01923076923076923,0.017954640907181785,0.03103125417985606,0.1102803738317757,48.37882245549967,0.08090832632464248,0.007407407407407408,0.014943960149439592,0.010708931248661386
UBB,4.863414634146336,5.2521367521367415,5.624422511550116,11.94409024031296,4.444859813084115,17.2921040620721,5.069470142977123,1.4666666666666663,3.578082191780862,4.887770400513812
VCAN,0.01707317073170732,0.03205128205128205,4.006404871902674,0.006598600026751066,0.02429906542056075,0.1172980374258326,0.10714886459209427,0.1666666666666667,0.0889165628891658,0.009638038123795246
VIM,0.787804878048781,75.5961538461539,54.16211675766306,0.24954300236304422,6.459813084112105,63.77863989046077,50.51000841042954,39.607407407407486,30.699875466998478,10.923538230884484
VWA1,0.10975609756097565,0.08119658119658123,0.05764384712305787,0.2655936510767694,0.007476635514018692,0.15700593336375995,0.6866274179983249,1.7962962962962945,0.05853051058530503,0.006853715999143283
VWA5A,0.0731707317073171,0.029914529914529912,0.15508189836203357,0.10317000312095505,0.7757009345794417,0.026015518028297588,0.07586206896551723,0.014814814814814815,0.03935242839352423,0.016277575497965324
VWF,0.014634146341463415,1.7542735042735014,0.014699706005879856,0.010678139908154622,0.007476635514018692,0.005020538566864446,2.9197645079898527,0.029629629629629624,0.011457036114570354,0.0032126793745984148
ZEB2,0.012195121951219513,0.021367521367521368,1.0907181856363237,0.008337420304070595,0.2672897196261681,2.3112733911456123,0.445248107653495,1.833333333333332,1.4948941469489585,0.17155707860355368
ZG16B,3.6390243902439043,0.006410256410256411,0.012179756404871896,0.40628204556609704,0.007476635514018692,0.0136923779096303,0.017830109335576116,0.003703703703703704,0.010958904109589033,0.012208181623473978
