,Eccrine_gland,Endothelial,Fibroblast,Keratinocyte,Mast,Melanocyte,Myeloid,Nerve,Smooth_muscle,T_cell,condition
GSM372286,0.058979022161858755,0.06445969171887427,0.40982988773766704,0.2811985331798066,0.0,0.18553286519998025,0.0,0.0,0.0,0.0,healthy
GSM372287,0.07177854897077296,0.09415738025894141,0.3029567344205085,0.3062005976805914,0.0,0.22490673866725064,0.0,0.0,0.0,0.0,healthy
GSM372288,0.05962295065835813,0.06624424660125557,0.42008385500126205,0.285281078156923,0.0,0.16876786958034765,0.0,0.0,0.0,0.0,healthy
GSM372289,0.06351519095485512,0.073405183010043,0.43518308941829764,0.26169497953215276,0.0,0.1662015570828218,0.0,0.0,0.0,0.0,healthy
GSM372290,0.06826092357489755,0.05514627973875204,0.38835331835059184,0.2809639075086439,0.0,0.2072755708252902,0.0,0.0,0.0,0.0,healthy
GSM372291,0.05872303279423976,0.11107724637368811,0.28139230624884193,0.3142263187073328,0.0,0.23458109587395623,0.0,0.0,0.0,0.0,healthy
GSM372292,0.07051594536739918,0.048948122944547624,0.32158001692954935,0.2842534775150148,0.0,0.2747024372416662,0.0,0.0,0.0,0.0,healthy
GSM372293,0.07084456743567567,0.045548791472642874,0.25178414947524647,0.32883910975523034,0.0,0.3029833818592724,0.0,0.0,0.0,0.0,healthy
GSM372294,0.06316870810727267,0.05058707078048851,0.38215541377307577,0.28100834189848556,0.0,0.22308046543877294,0.0,0.0,0.0,0.0,healthy
GSM372295,0.06576270005617076,0.10243195792240085,0.2966303407405344,0.31053513305105196,0.0,0.22463986822788654,0.0,0.0,0.0,0.0,healthy
GSM372296,0.06389344327597336,0.07021962753113448,0.36608145163132005,0.3071082715331203,0.0,0.19269720602655813,0.0,0.0,0.0,0.0,healthy
GSM372297,0.06366721920714775,0.13987819397016352,0.3158891434551172,0.293666323636688,0.0,0.18689911972899365,0.0,0.0,0.0,0.0,healthy
GSM372298,0.06408477138270499,0.0886124287232353,0.3540942229292247,0.281803874647537,0.0,0.21140470231545025,0.0,0.0,0.0,0.0,healthy
GSM372299,0.06320357880695883,0.06272929166174403,0.3221225736234083,0.29605596412206403,0.0,0.2558885917839498,0.0,0.0,0.0,0.0,healthy
GSM372300,0.0699982843684746,0.05926743359032255,0.3123846778339574,0.31292820711759134,0.0,0.24542139708776034,0.0,0.0,0.0,0.0,healthy
GSM372301,0.0678088042003136,0.06858098520660982,0.3280213019167294,0.2922360768424164,0.0,0.243352831832096,0.0,0.0,0.0,0.0,healthy
GSM372302,0.06928050970749124,0.07534809418676608,0.29909691177985487,0.30444184109324246,0.0,0.25183264323074994,0.0,0.0,0.0,0.0,healthy
GSM372303,0.059274482791679066,0.07043176627881093,0.2809060459930114,0.3248024218789389,0.0,0.2645852830556494,0.0,0.0,0.0,0.0,healthy
GSM372304,0.06977474762029598,0.1248215560816524,0.3648746488619017,0.2883931396048773,0.0,0.15213590782942432,0.0,0.0,0.0,0.0,healthy
GSM372305,0.0591096788804218,0.05891448207561854,0.4134824227473857,0.2829294624521707,0.0,0.18556395384252566,0.0,0.0,0.0,0.0,healthy
GSM372306,0.056418509619231415,0.07443610706469109,0.38240668795600036,0.30427579131747745,0.0,0.18246290404071933,0.0,0.0,0.0,0.0,healthy
GSM372307,0.06989461581884511,0.07730323989405194,0.39278931789098515,0.2823141347367821,0.0,0.17769869165749533,0.0,0.0,0.0,0.0,Uninvolved Skin
GSM372308,0.06471570651762824,0.07013528705036806,0.3365524092192093,0.30839741340579796,0.0,0.22019918380510342,0.0,0.0,0.0,0.0,lesional
GSM372309,0.07040653565451807,0.0549988933623578,0.3275055920258624,0.3135324541138402,0.0,0.23355652484151768,0.0,0.0,0.0,0.0,Uninvolved Skin
GSM372310,0.06488933678207329,0.06385269066359335,0.34001212093023553,0.3165522118395822,0.0,0.21469363978261624,0.0,0.0,0.0,0.0,lesional
GSM372311,0.06502213322358537,0.05135953799322429,0.40389680775441167,0.24924843407030714,0.0,0.2304730869566728,0.0,0.0,0.0,0.0,Uninvolved Skin
GSM372312,0.06247706519597087,0.08295910031845774,0.3474904743347088,0.31877896077775547,0.0,0.18829439937117992,0.0,0.0,0.0,0.0,lesional
GSM372313,0.06620811217357728,0.07179095945795474,0.3804981882537783,0.27942976446402595,0.0,0.202072975648808,0.0,0.0,0.0,0.0,Uninvolved Skin
GSM372314,0.06141653045771734,0.06200870301845128,0.34258588470445284,0.30458430769704953,0.0,0.2294045741204439,0.0,0.0,0.0,0.0,lesional
GSM372315,0.06853914920666745,0.08489232104981752,0.3568964032253412,0.3041471710342595,0.0,0.18552495548202994,0.0,0.0,0.0,0.0,Uninvolved Skin
GSM372316,0.05840711912116295,0.07014175132809795,0.3356248521075356,0.3235871829839635,0.0,0.212239094457311,0.0,0.0,0.0,0.0,lesional
GSM372317,0.059341414328605,0.058162121688904216,0.38588928204604844,0.2808224462965032,0.0,0.21578473563810902,0.0,0.0,0.0,0.0,Uninvolved Skin
GSM372318,0.05781697809702467,0.06961295654238461,0.27505976979262853,0.3310598259019377,0.0,0.2664504696640681,0.0,0.0,0.0,0.0,lesional
GSM372319,0.054112781483580404,0.054249173394594535,0.3487206118320507,0.27999247134153005,0.0,0.26292496194638504,0.0,0.0,0.0,0.0,Uninvolved Skin
GSM372320,0.014635426279118083,0.06784029698434682,0.23508574011338035,0.3732441490619335,0.0,0.3091943875591252,0.0,0.0,0.0,0.0,lesional
GSM372321,0.008140671572289475,0.07944699653736209,0.36156573098095346,0.2995688378725426,0.0,0.25127776303493526,0.0,0.0,0.0,0.0,Uninvolved Skin
GSM372322,0.012256129722980789,0.08586206372638672,0.3200039828390325,0.3463504314953403,0.0,0.2355273922142322,0.0,0.0,0.0,0.0,lesional
GSM372323,0.04929946398349493,0.05630012493954009,0.2968878523578172,0.3117336972299034,0.0,0.28577886148733933,0.0,0.0,0.0,0.0,Uninvolved Skin
GSM372324,0.028491963993829184,0.061157466277174465,0.31787853077403044,0.3209678856391689,0.0,0.2715041533138546,0.0,0.0,0.0,0.0,lesional
GSM372325,0.05527769278189963,0.06124706499010794,0.32621922861244756,0.30933820296310816,0.0,0.24791781065052096,0.0,0.0,0.0,0.0,lesional
GSM372326,0.014438043301127218,0.05862584675966863,0.3485518436865351,0.3224180806718866,0.0,0.25596618557885215,0.0,0.0,0.0,0.0,Uninvolved Skin
GSM372327,0.011316083883163713,0.08469908540187276,0.31056515173947297,0.34091713428531545,0.0,0.25250254468816785,0.0,0.0,0.0,0.0,lesional
GSM372328,0.015243466165763568,0.06328528156770401,0.27633539248226796,0.36684083249977556,0.0,0.2782950272824664,0.0,0.0,0.0,0.0,Uninvolved Skin
GSM372329,0.011730545766122284,0.07322101386828758,0.363839045214857,0.31920345643159015,0.0,0.23200593871716552,0.0,0.0,0.0,0.0,lesional
GSM372330,0.06802914444482507,0.08685716276833282,0.3582439541262399,0.28939627417355634,0.0,0.1974734644852014,0.0,0.0,0.0,0.0,Uninvolved Skin
GSM372331,0.05982704113585534,0.05945926489761262,0.4069076807827259,0.28416621191079167,0.0,0.18963980127113414,0.0,0.0,0.0,0.0,lesional
GSM372332,0.04144022687814208,0.06304617056546905,0.24904681527519543,0.3353829347075561,0.0,0.3110838525716843,0.0,0.0,0.0,0.0,Uninvolved Skin
GSM372333,0.06005051360838582,0.01286851644017675,0.3422446318329735,0.3164712666020432,0.0,0.26836507151450073,0.0,0.0,0.0,0.0,lesional
GSM372334,0.02428448606184644,0.04546258570238606,0.2709764129291588,0.3564300106101641,0.0,0.30284650469442526,0.0,0.0,0.0,0.0,lesional
GSM372335,0.051308148881519244,0.05453277343100251,0.3527163603262381,0.3007915472956933,0.0,0.2406511700636667,0.0,0.0,0.0,0.0,Uninvolved Skin
GSM372336,0.034793636440609614,0.07744908172974835,0.35666049715944786,0.30538888707973033,0.0,0.22570789758854923,0.0,0.0,0.0,0.0,lesional
GSM372337,0.01091893175186899,0.044563572523666224,0.3262245269550427,0.3396783512244945,0.0,0.27861461754294115,0.0,0.0,0.0,0.0,Uninvolved Skin
GSM372338,0.01290029784288819,0.04135041472872988,0.2135174651264196,0.38677195526056507,0.0,0.3454598670392908,0.0,0.0,0.0,0.0,lesional
GSM372339,0.014033550967941535,0.05811475205510026,0.29351747942742007,0.3456154935961304,0.0,0.28871872395143083,0.0,0.0,0.0,0.0,Uninvolved Skin
GSM372340,0.02037560736651598,0.07520320598546978,0.2786417275970856,0.3527028763907069,0.0,0.2730765826581967,0.0,0.0,0.0,0.0,lesional
GSM372341,0.013386243205636635,0.03544631406686396,0.21134610261910067,0.36022077024040505,0.0,0.3796005698659571,0.0,0.0,0.0,0.0,Uninvolved Skin
GSM372342,0.01115749047210044,0.06753982056558656,0.32125857810533537,0.33216149941553086,0.0,0.26788261143946807,0.0,0.0,0.0,0.0,lesional
GSM372343,0.013897843026959986,0.06790211708322197,0.2576080908655107,0.3395370779095705,0.0,0.32105487111274944,0.0,0.0,0.0,0.0,Uninvolved Skin
GSM372344,0.014091434402233845,0.08190213349000378,0.272433362022845,0.3550838197403986,0.0,0.27648925034248795,0.0,0.0,0.0,0.0,lesional
GSM372345,0.0483859477377023,0.04508745721685647,0.31968925125581626,0.32498981507911817,0.0,0.2618475287085708,0.0,0.0,0.0,0.0,Uninvolved Skin
GSM372346,0.03576031502762613,0.0693173400924791,0.32408248659223715,0.3288682772577133,0.0,0.2419715810279815,0.0,0.0,0.0,0.0,lesional
GSM372347,0.03874428051354167,0.044200088439499255,0.34295743731090944,0.31416314513301485,0.0,0.25993504860111116,0.0,0.0,0.0,0.0,Uninvolved Skin
GSM372348,0.03877605557702526,0.056967458024186124,0.34095257070995394,0.3078540295000824,0.0,0.2554498861868458,0.0,0.0,0.0,0.0,lesional
GSM372349,0.06387040340964353,0.027608188029215715,0.30386789323877145,0.3270235481951072,0.0,0.2776299671253306,0.0,0.0,0.0,0.0,Uninvolved Skin
GSM372350,0.014819505677444736,0.027790435953454172,0.29192409058466373,0.3652420132189038,0.0,0.30022395456332984,0.0,0.0,0.0,0.0,lesional
GSM372351,0.0670973188473837,0.08795936371163486,0.2930691417091081,0.32302895982812807,0.0,0.22884521590184662,0.0,0.0,0.0,0.0,Uninvolved Skin
GSM372352,0.058835667273957074,0.079555673712504,0.3273839965842923,0.31515339619245103,0.0,0.21907126623489095,0.0,0.0,0.0,0.0,lesional
GSM372353,0.06154426511804812,0.05492355067831106,0.3274241039515752,0.3135760799991571,0.0,0.24253200025101035,0.0,0.0,0.0,0.0,Uninvolved Skin
GSM372354,0.057348991771022935,0.04592861258093829,0.3124175585356745,0.34496608152888747,0.0,0.23933875558151252,0.0,0.0,0.0,0.0,lesional
GSM372355,0.06389604946570682,0.06283768833879937,0.3764045265563502,0.2758801478345268,0.0,0.22098158780278668,0.0,0.0,0.0,0.0,Uninvolved Skin
GSM372356,0.05618161125933638,0.0706919512990563,0.32385521577678394,0.30804202701962313,0.0,0.24122919464330414,0.0,0.0,0.0,0.0,lesional
GSM372357,0.062171672730888285,0.05583465862295469,0.37854886800140924,0.2949429001098294,0.0,0.2085019005330524,0.0,0.0,0.0,0.0,Uninvolved Skin
GSM372358,0.056240596270718014,0.08430988725075528,0.35846662458061906,0.3079837846396479,0.0,0.19299910725636457,0.0,0.0,0.0,0.0,lesional
GSM372359,0.06992611756427983,0.07125864955476563,0.3505579450614193,0.30088917611533733,0.0,0.20736811170233033,0.0,0.0,0.0,0.0,Uninvolved Skin
GSM372360,0.06507850169402737,0.06929715540967485,0.35289179658487724,0.3134643822854161,0.0,0.19926816402409828,0.0,0.0,0.0,0.0,lesional
GSM372361,0.07445758904273603,0.04672399946453236,0.32389225928861354,0.31111325005634566,0.0,0.24381290214585985,0.0,0.0,0.0,0.0,Uninvolved Skin
GSM372362,0.05835961898495153,0.07077531920143616,0.3217052379720398,0.3239732273728228,0.0,0.22518659646681632,0.0,0.0,0.0,0.0,lesional
GSM372363,0.06708412028339768,0.0616882162299696,0.378292180837321,0.26737152492098915,0.0,0.2255639577264905,0.0,0.0,0.0,0.0,Uninvolved Skin
GSM372364,0.05678247878449681,0.06493082630496236,0.34077831411030673,0.3089424773442864,0.0,0.22856590345405153,0.0,0.0,0.0,0.0,lesional
GSM372365,0.06005724098364684,0.06618951749924355,0.34233672254803227,0.30754035499413607,0.0,0.22387616397305798,0.0,0.0,0.0,0.0,lesional
GSM372366,0.06085591475248624,0.07014912711639408,0.32492281153681724,0.32984350809943375,0.0,0.21422863849290733,0.0,0.0,0.0,0.0,lesional
GSM372367,0.06064174384168899,0.07344522980061385,0.33510885258634937,0.31181854942367015,0.0,0.21898562434577334,0.0,0.0,0.0,0.0,lesional
